ticker,themes
1301,"['水産', '水産資源', 'マグロ', '養殖マグロ', '冷凍食品', 'インスタント食品', '内食', '和食', '養殖', 'ディフェンシブ', '円高メリット', 'TPP関連', '01銘柄', 'ロシア関連', '農林水産']"
130A,"['創薬', '医療・医薬品', '核酸医薬', 'バイオ抗がん剤', '抗がん剤', '遺伝子治療', '医薬品関連', '2024年のIPO']"
1332,"['水産', '水産資源', '冷凍食品', '健康・機能性食品', 'ファインケミカル', '養殖', '養殖マグロ', 'マグロ', 'うなぎ', 'ハム・ソーセージ', 'インスタント食品', 'サプリメント', 'アンチエイジング', 'バイオマスプラスチック', 'ディフェンシブ', '軽減税率', '円高メリット', 'グローバルサウス', 'ブラジル関連', 'ロシア関連', 'TPP関連', 'アベノミクス関連', '農林水産', 'JPX日経400']"
1333,"['水産', '水産資源', '冷凍食品', '水産卸', '健康・機能性食品', 'サプリメント', '個人消費関連', '養殖', '養殖マグロ', 'マグロ', 'ハム・ソーセージ', '食肉', '畜産', '内食', '和食', 'インスタント食品', '宅配', 'ディフェンシブ', '円高メリット', '介護関連', '中国関連', 'TPP関連', '食品', '農林水産']"
135A,"['ソフト・システム開発', '人工知能', 'デジタルトランスフォーメーション', 'ITコンサルティング', 'IoT', '組み込みソフト', '業務支援', '食品安全検査', '試験・検査・計測', '生産性革命', '2024年のIPO']"
1375,"['まいたけ', 'エリンギ', 'ブナシメジ', 'キノコ', '健康・機能性食品', '人工肉', '国際会計基準', '2020年のIPO', '食品']"
1376,"['種苗', '農薬', 'ガーデニング', '農業関連', '殺虫・防虫剤', '肥料', '緑化関連', '屋上緑化', '砂漠緑化', 'ヒートアイランド', '機能性野菜', 'グローバルサウス', 'アジア関連', 'アベノミクス関連', 'TPP関連', 'あえてスタンダード', '農林水産']"
1377,"['種苗', 'ガーデニング', '農業関連', '緑化関連', '屋上緑化', '機能性野菜', '砂漠緑化', '農産物輸出', 'ヒートアイランド', 'サマーストック', 'グローバルサウス', '中国関連', 'アジア関連', 'インド関連', '欧州関連', 'ブラジル関連', 'アベノミクス関連', 'TPP関連', '農林水産']"
1379,"['キノコ', 'ブナシメジ', 'まいたけ', 'エリンギ', '健康・機能性食品', '冷凍食品', 'インターネット通信販売', '化成品', '包装フィルム', '食品トレー', '内食', '植物工場', '厳冬対策', '農業関連', 'アジア関連', '農林水産']"
137A,"['ソフト・システム開発', '不動産テック', '不動産関連', 'マーケティング', '営業・販売支援', 'サブスクリプション', 'クラウドコンピューティング', 'SaaS', 'SMS', '2024年のIPO', 'IT関連']"
1380,"['鶏肉', '鶏卵', '牛乳', '乳製品', '冷凍食品', '豚肉', '牛肉', '畜産', '宅配', '生協関連', 'インターネット通信販売', '豚コレラ', '農林水産']"
1381,"['鶏肉', '畜産', '外食', 'フランチャイズチェーン', '豚コレラ', '農林水産']"
1382,"['青果', '種苗', '農業関連', '運輸', 'クリスマス', '砂漠緑化', '農林水産']"
1383,"['種苗', '農産物輸出', '農業関連', '中国関連', 'アベノミクス関連', '農林水産']"
1384,"['鶏卵', '畜産', '飼料', 'あえてスタンダード', '農林水産']"
138A,"['外食', '居酒屋', '焼き肉', '和食', 'ラーメンチェーン', 'フランチャイズチェーン', 'ちょい飲み', '2024年のIPO', '小売り']"
1401,"['リフォーム', '住宅関連', '防災', '耐震化', '緑化関連', 'フランチャイズチェーン', 'コロナウイルス', 'COVID-19', '建設']"
1407,"['太陽光発電関連', 'メガソーラー', '再生可能エネルギー', '特定規模電気事業者', 'その他太陽電池関連', 'メンテナンス', 'リサイクル', '省エネ支援', 'エネルギー']"
1414,"['コンクリート補修', '公共投資関連', '橋梁', '道路', 'トンネル', '国土強靱化', 'インフラ', '水害対策', '台風対策', '防災', '首都高速補修', '復興関連', '耐震化', '国家戦略特区', '東京オリンピック', 'アベノミクス関連', '建設', '建設・土木', 'JPX日経400']"
1417,"['通信工事', '光ファイバー工事', 'NTT関連', '携帯電話関連', '公共投資関連', 'リノベーション', 'ソフト・システム開発', 'データセンター', '次世代ネットワーク', '5G', 'ローカル5G', 'LTE', 'Wi-Fi', '光ファイバー', 'ドローン', '太陽光発電関連', 'ダイナミックプライシング', '復興関連', 'Society5.0', '土木', '建設']"
1418,"['内装', '設備工事', 'ビルメンテナンス', '公共投資関連', '動画配信', 'オーディオ', 'カジノ関連', 'IR(統合型リゾート)', '大阪万博', '建設']"
1419,"['注文住宅', '木造住宅', 'リフォーム', 'マンション販売', '中古マンション再生', '住宅関連', 'マンション関連', 'サブリース', '損害保険', '生命保険', 'メガソーラー', '木材', 'ミャンマー関連', 'JPX日経400']"
141A,"['ディスカウントストア', '食品スーパー', 'ホームセンター', 'ドラッグストア', 'スーパーマーケット', 'リテールテック', 'プライベートブランド', '食品', '総菜', '弁当', 'パン', '日用品', '飲料', 'アパレル', 'DIY', 'インテリア', 'ペット', '大衆薬', 'スポーツ用品', '24時間営業', '外食', 'レストラン', 'セルフレジ', 'デジタルトランスフォーメーション', 'ソフト・システム開発', 'オフショア開発', '人工知能', '中古車', '買取再販', '生活防衛', '物流', '金融', '2024年のIPO', '小売り']"
1420,"['住宅関連', '注文住宅', 'マンション販売', 'リフォーム', 'リノベーション', '賃貸住宅・アパート経営', '省エネ住宅', '木造住宅', '中古住宅', 'プレハブ', 'マンション管理', '育児', '介護関連', '介護ロボット', 'あえてスタンダード']"
1429,"['建設資材', '省エネ住宅', '住宅関連', 'リフォーム', '東証再編', '建設']"
142A,"['就職支援', '転職支援', '人材育成', '求人情報', 'イベント', '総務支援', '企業研修', '映像制作', '2024年のIPO', '教育', '人材']"
1430,"['建設', 'マンション関連', '不動産関連', 'あえてスタンダード']"
1431,"['注文住宅', '住宅関連', '専門サイト', '業務支援', '人工知能', 'サブスクリプション', '3Dプリンター', 'NFT', '仮想通貨', 'SaaS', '地方創生', '建設']"
1433,"['解体工事', 'プラント', 'エンジニアリング', 'リサイクル', '産業廃棄物処理', '人材派遣', '原子力発電', '脱炭素', 'アスベスト対策', '東証再編']"
1434,"['電力工事', '設備工事', '通信工事', '電力設備投資関連', 'エンジニアリング', 'ETC', '防災', '再生可能エネルギー', '人材紹介', '人材派遣', '外国人労働者', 'デジタルサイネージ', 'ベトナム関連', '建設']"
1435,"['賃貸住宅・アパート経営', '不動産情報サイト', 'マッチングサービス', '賃貸保証', 'デジタルトランスフォーメーション', '不動産テック', '不動産ファンド', 'IoT', '空き家対策', '攻めのIT経営銘柄', 'ウェブサービス', 'あえてスタンダード', '不動産関連']"
1436,"['再生可能エネルギー', '太陽光発電関連', 'メガソーラー', 'スマートハウス', '省エネ住宅', '住宅関連', '賃貸住宅・アパート経営', '蓄電池', 'スマート農業', 'サブリース', '不動産投資', '不動産情報サイト', 'フランチャイズチェーン', 'メンテナンス', 'カーボンニュートラル', '脱炭素', '建設']"
1438,"['建設', '緑化関連', '屋上緑化', 'ガーデニング', '住宅関連', '太陽光発電関連']"
143A,"['マーケティング', '地方創生', '情報配信', 'デジタルトランスフォーメーション', '総務支援', 'ポータルサイト', '防災', '教育', '投資事業', '広告', '企業研修', 'イベント', 'マッチングサービス', 'M&A', '2024年のIPO', 'サービス業']"
1443,"['消波ブロック', '特殊土木', '建設資材', 'レンタル', '防災', '放射能対策', '電磁波シールド', '緑化関連', '復興関連', '土木', '建設']"
1444,"['リフォーム', '不動産再生', '空き家対策', '住宅関連', '不動産関連', '2020年のIPO']"
1446,"['リノベーション', 'リフォーム', '内装', 'インテリア', 'コールセンター', 'メンテナンス', '光触媒', '抗菌', 'コロナウイルス', '2018年のIPO', 'あえてスタンダード']"
1447,"['地盤改良', '地質調査', '地盤保証', '人材派遣', '技術者派遣', '人材紹介', 'ソフト・システム開発', 'ITコンサルティング', 'デジタルトランスフォーメーション', '電子政府', 'マイナンバー', 'フィンテック', '金融向けシステム', '組み込みソフト', 'クラウドコンピューティング', 'IoT', '地方創生', 'Society5.0', 'ベトナム関連', 'インド関連', '防災', '液状化対策', '復興関連', '東京オリンピック', 'IT関連']"
1450,"['解体工事', '特殊土木', '土壌汚染', 'リサイクル', 'アスベスト対策', '2018年のIPO', '土木']"
145A,"['ソフト・システム開発', 'チャット', 'チャットボット', 'デジタルトランスフォーメーション', 'ITコンサルティング', '人工知能', '生成AI', '業務支援', 'OEM', 'レンタル', 'SaaS', '働き方改革', '2024年のIPO', 'IT関連']"
146A,"['不動産関連', 'マンション販売', 'マンション管理', 'マンション関連', '不動産ファンド', 'ホテル', 'ビル賃貸', 'オフィス', 'レジャー・リゾート', '資産運用', '2024年のIPO']"
147A,"['IoT', 'ソフト・システム開発', 'クラウドコンピューティング', 'MVNO', 'コンサルティング', '遠隔監視', '人工知能', '生成AI', '監視カメラ', '鳥獣被害対策', 'M2M', 'LTE', '5G', '2024年のIPO', 'IT関連']"
148A,"['検索サイト', 'ポータルサイト', 'ソフト・システム開発', '駐車場', '貸会議室', 'シェアオフィス', 'マッチングサービス', 'サブリース', 'クラウドコンピューティング', '2024年のIPO']"
1491,"['貴金属回収', '金', '銀', '白金', 'プラチナ', 'レアメタル', '買取再販', '宝飾品', 'リサイクル', 'アニメ', 'コミック', 'ゲーム関連', '鬼滅の刃', 'キャラクター', '機械', '工作機械', 'プレス機', '不動産関連', '都市鉱山']"
149A,"['ソフト・システム開発', 'クラウドコンピューティング', 'SMS', 'テレビ会議', 'グループウエア', '業務支援', 'サブスクリプション', 'SaaS', '2024年のIPO', 'IT関連']"
150A,"['障害者支援', '在宅医療', 'コンサルティング', '就職支援', '人材紹介', '農業関連', '民泊', '旅行', '2024年のIPO', 'サービス業']"
1514,"['石炭', '建設資材', 'ダイヤモンド', '研磨', '半導体部材・部品', '石炭火力発電', '風力発電', '老舗', 'オーストラリア関連', 'インドネシア関連', 'あえてスタンダード']"
1515,"['資源開発', '鉄鋼', '銅', '機械', '地熱発電', '太陽光発電関連', 'メガソーラー', '不動産関連', 'ビル賃貸', 'ショッピングセンター', '下水道', '土壌汚染', '禁煙・分煙', '非鉄', '素材']"
1518,"['投資事業', '事務機器', '計測機器', 'チェーン', '架線金物', '液晶部材・部品', '有機EL部材・部品', '半導体部材・部品', '電子部品', '水晶振動子', 'メガソーラー', 'ペット', 'アパレル', '紳士服', 'バイオマスプラスチック', 'M&A', 'JPX日経400']"
151A,"['人材派遣', '人材紹介', '求人情報', 'レジャー・リゾート', 'マッチングサービス', 'レジャー施設関連', 'ホテル', '企業研修', 'ソフト・システム開発', '外国人労働者', 'インバウンド', '2024年のIPO', '人材', 'サービス業']"
153A,"['ソフト・システム開発', 'サイバーセキュリティ', '情報セキュリティ', 'クラウドコンピューティング', 'コンサルティング', '遠隔監視', 'SaaS', '銀行', '証券', '関税フリー', 'クレジットカード', '2024年のIPO', 'IT関連']"
155A,"['ソフト・システム開発', 'デジタルトランスフォーメーション', 'ITコンサルティング', '生成AI', '人工知能', 'サイバーセキュリティ', 'マッチングサービス', 'クラウドコンピューティング', '2024年のIPO', 'IT関連']"
156A,"['マーケティング', '営業・販売支援', 'コンサルティング', '広告', 'サブスクリプション', 'BtoB', 'TikTok Shop', 'ライブコマース', 'SaaS', '2024年のIPO', 'IT関連', 'サービス業']"
157A,"['eラーニング', '外国為替証拠金取引', '投資情報', '株式市場', '資産運用', '金融', '教育', 'モバイルコンテンツ', 'コンテンツ', '携帯電話向けソフト', 'コンテンツ配信', 'アフィリエイト広告', 'モバイル広告', 'インターネット広告関連', 'NISA関連', '2024年のIPO', 'サービス業']"
1605,"['石油', 'LNG', '資源開発', '海底資源', 'メタンハイドレート', 'レアメタル', 'GTL', 'オイルサンド・シェール', 'シェールガス', 'シェールオイル', '原油高メリット', '再生可能エネルギー', 'メガソーラー', '太陽光発電関連', '風力発電', '洋上風力発電', '地熱発電', '核融合発電', '水素', 'アンモニア', 'ヨウ素', 'LNG運搬船', 'CO2回収・貯留', 'CO2固定化技術', '脱炭素', '光触媒', 'オーストラリア関連', 'インドネシア関連', 'イラク関連', 'ブラジル関連', 'アフリカ関連', 'ロシア関連', '好配当', 'エネルギー', '読売333', 'JPX日経400']"
160A,"['高齢者住宅', 'サービス付き高齢者向け住宅', '介護関連', '不動産関連', '賃貸住宅・アパート経営', '不動産再生', 'リノベーション', 'ビル賃貸', 'シニア', '超高齢社会', '人生100年時代', '2024年のIPO', 'サービス業']"
1662,"['石油', '天然ガス', 'LNG', '資源開発', '海底資源', 'LPG', 'メタンハイドレート', 'GTL', 'レアメタル', 'レアアース', 'オイルサンド・シェール', 'シェールオイル', 'シェールガス', 'バイオ航空燃料', '天然ガス火力発電', '地熱発電', '原油高メリット', 'ESG投資', 'インドネシア関連', 'ロシア関連', 'イラク関連', 'CO2回収・貯留', 'なでしこ銘柄', 'エネルギー', 'JPX日経400']"
1663,"['天然ガス', '都市ガス', 'ヨウ素', 'LNG', 'LPG', 'ペロブスカイト太陽電池', '建設・土木', 'コロナウイルス', 'COVID-19', '東証再編', 'エネルギー']"
166A,"['マンション販売', '不動産流動化', '不動産テック', '不動産再生', '不動産ファンド', 'リノベーション', '資産運用', 'ITコンサルティング', 'マンション関連', '住宅関連', 'ベンチャーキャピタル', 'フィンテック', 'IoT', '生成AI', 'SaaS', '空き家対策', '不動産関連']"
167A,"['半導体商社', '専門商社', '半導体', 'FPGA', '電子部品', '自動車部材・部品', '自動運転車', '通信機器', 'パソコン', 'ソフト販売', '情報セキュリティ', 'サイバーセキュリティ', '人工知能', 'エヌビディア関連', 'IoT', 'M2M', '医療支援', '携帯電話関連', 'インテル', 'アジア関連', '中国関連', 'Society5.0', '卸売り']"
168A,"['印刷', 'デジタル印刷', 'D2C', '広告', '営業・販売支援', 'マーケティング', 'BtoB', 'eコマース', '卸売り', '選挙関連', '2024年のIPO', 'その他製造業']"
1711,"['省エネ支援', '省エネ関連', '独立系発電事業者', 'バイオマス発電', '太陽光発電関連', '再生可能エネルギー', 'カーボンニュートラル', 'メンテナンス', 'LED関連', 'エネルギー']"
1712,"['土壌汚染', '産業廃棄物処理', 'リサイクル', '環境関連', '環境問題', 'その他太陽電池関連', '復興関連', '親子上場', 'あえてスタンダード']"
1716,"['土木', '道路', '橋梁', '解体工事', 'ウォータージェット工法', 'ビルメンテナンス', 'メンテナンス', '買取再販', 'リユース', 'スマートフォン', 'OA', 'あえてスタンダード']"
1717,"['コンサルティング', 'オフィス', '業務支援', '公共投資関連', '働き方改革', 'あえてスタンダード', 'サービス業']"
1718,"['ガス工事', '建設', '設備工事', '住宅関連', 'プレハブ', 'リフォーム', 'メガソーラー', '太陽光発電関連', '不動産関連']"
1719,"['ゼネコン', '土木', 'トンネル', 'ダム', '公共投資関連', 'インフラ', '国土強靱化', 'リニア中央新幹線', '北陸新幹線', 'シールド工法', '再開発', '液状化対策', '土壌汚染', 'ヒートアイランド', 'インドネシア関連', '緑化関連', '復興関連', '東京オリンピック', '建設・土木', '建設', 'JPX日経400']"
1720,"['ゼネコン', '渋谷再開発', 'マンション関連', 'PFI', '緑化関連', 'シールド工法', 'ヒートアイランド', '東京オリンピック', 'インドネシア関連', 'ミャンマー関連', '建設']"
1721,"['通信工事', '光ファイバー工事', '公共投資関連', '電力設備投資関連', 'インフラ', '携帯電話関連', '5G', 'LTE', 'ITS', 'データセンター', '電線地中化', '太陽電池・太陽光発電システム', '風力発電', '光ファイバー', 'エヌビディア関連', '地上デジタル放送', 'Society5.0', '読売333', 'JPX日経400']"
1723,"['制御システム', '設備工事', '省エネ空調', 'グリーンIT', 'メンテナンス']"
1724,"['システムインテグレーション', '光ファイバー工事', '通信工事', 'CATV', '通信機器', 'Wi-Fi', '無線LAN', '4K・8Kテレビ', '防災', '地震速報', '光ファイバー', 'メンテナンス']"
1726,"['土木', '橋梁', 'PC工法', 'コンクリート二次製品', '鉄道関連', '公共投資関連', 'インフラ', 'ソフト・システム開発', '耐震化', '防災', '国土強靱化', '建設・土木']"
1736,"['配管資材', '設備工事', '制御システム', '省エネ空調', 'メンテナンス']"
173A,"['ソフト・システム開発', 'デジタルトランスフォーメーション', '営業・販売支援', '業務支援', '情報セキュリティ', 'サイバーセキュリティ', 'クラウドコンピューティング', 'CRM', '人工知能', '関税フリー', '2024年のIPO', 'IT関連']"
1758,"['特殊土木', '地盤改良', '下水道', '電力工事', '電力設備投資関連', '建設基礎工事', '公共投資関連', '防災', '耐震化', '液状化対策', '土木']"
175A,"['ソフト・システム開発', 'IoT', 'デジタルトランスフォーメーション', 'クラウドコンピューティング', 'デジタルサイネージ', 'カーシェアリング', 'ライドシェア', 'レンタル', '電気自動車充電器', '業務支援', 'データ分析・解析', '人工知能', '画像認識', 'Webサイト構築', 'スマートシティ', 'ドライブレコーダー', 'メンテナンス', '2024年のIPO', 'IT関連']"
1762,"['ゼネコン', 'マンション関連', 'マンション管理', 'マンション販売', '注文住宅', '不動産関連', '海洋土木', '土木', '建設']"
1764,"['建設', '介護関連', '不動産関連', '建設・土木']"
1766,"['建設', '住宅関連', 'マンション関連', '賃貸住宅・アパート経営', 'サブリース', '賃貸仲介', '建設資材', '広告代理店', 'ファンド', '耐震化']"
1768,"['ゼネコン', '建設', '土木', 'リフォーム', '農業関連', '運輸', 'あえてスタンダード']"
176A,"['特定規模電気事業者', '電力会社', '受変電設備', 'マンション関連', '防災', '太陽光発電関連', '蓄電池', '人工知能', 'デジタルトランスフォーメーション', '省エネ関連', '2024年のIPO', 'エネルギー']"
1770,"['建設', '設備工事', 'ソフト・システム開発', 'メンテナンス', '電子部品', '遠隔監視', '省エネ空調', 'エアシャワー', 'その他太陽電池関連']"
1776,"['道路', '公共投資関連', 'アスファルト', 'インフラ', '親子上場', '建設']"
177A,"['医薬品関連', '再生医療', '診断薬', '創薬', 'バイオテクノロジー関連', 'がん免疫療法', '食品安全検査', '食の安全', '食中毒対策', '2024年のIPO']"
1780,"['ゼネコン', '公共投資関連', '道路', '橋梁', 'マンション関連', 'マンション販売', 'エンジニアリング', '注文住宅', '高齢者住宅', '土木', '建設']"
1783,"['不動産関連', '不動産投資', '不動産情報サイト', '空き家対策', 'マッチングサービス', '健康・機能性食品', 'サプリメント', 'eコマース', '電気自動車関連', '電気自動車充電器']"
1786,"['建設', '土木', '橋梁', '公共投資関連', 'インフラ', 'PC工法', '首都高速補修', '杭打ち工事', '耐震化', '国土強靱化', '復興関連', '東京オリンピック']"
1787,"['防食防さび工事', '特殊土木', 'エンジニアリング', '公共投資関連', '国土強靱化', '洋上風力発電', 'メンテナンス']"
1788,"['土木', '建設', '道路', '地盤改良', '公共投資関連', '下水道', '防災', 'バイオエタノール']"
1793,"['ゼネコン', '緑化関連', 'ヒートアイランド', '放射能対策', 'トンネル']"
1795,"['建設', 'ビルメンテナンス', 'リフォーム', '設備工事', 'マンション関連']"
1798,"['建設', '道路', '土木', '再生可能エネルギー', '土壌汚染', 'プレハブ']"
1799,"['鉄道関連', 'ゼネコン', 'JR関連', '賃貸住宅・アパート経営']"
1801,"['ゼネコン', '建設', '土木', '公共投資関連', 'トンネル', '道路', '国土強靱化', 'インフラ輸出', '東京駅再開発', '羽田空港国際化', 'リニア中央新幹線', 'マンション関連', '不動産関連', '首都高速補修', 'スマートシティ', 'グリーンIT', 'クリーンルーム', 'PFI', 'メタンハイドレート', 'バイオエタノール', 'バイオガス', '01銘柄', 'プラント', '海底資源', 'その他原子力発電関連', 'その他太陽電池関連', '風力発電', '太陽熱発電', '地中熱空調', '防災', 'シールド工法', '耐震化', '土壌汚染', 'インフラ点検ロボット', 'サービスロボット', 'インド関連', 'インドネシア関連', '中東関連', 'ドバイ関連', 'トルコ関連', 'ロシア関連', '放射能対策', '排出権取引', 'CO2回収・貯留', '植物工場', 'ヒートアイランド', '緑化関連', '屋上緑化', 'エコ・ファースト制度', '復興関連', 'アスベスト対策', '国家戦略特区', 'アベノミクス関連', '東京オリンピック', '親子上場', '読売333', 'JPX日経400']"
1802,"['ゼネコン', '建設', '土木', '公共投資関連', '橋梁', 'ダム', 'トンネル', '道路', '国土強靱化', '再開発', 'インフラ輸出', 'スマートシティ', '東京駅再開発', '羽田空港国際化', '東京スカイツリー', 'リニア中央新幹線', '鉄道関連', '首都高速補修', '耐震化', '老舗', 'PFI', '土壌汚染', '事業継続計画', '地中熱空調', 'メガソーラー', 'バイオマス発電', '風力発電', '洋上風力発電', '核融合発電', '地熱発電', '水素', '防災', '農業経営', 'インフラ点検ロボット', 'シールド工法', 'ESG投資', 'インドネシア関連', '中東関連', 'ドバイ関連', 'トルコ関連', 'ペロブスカイト太陽電池', '植物工場', 'ヒートアイランド', '緑化関連', '砂漠緑化', '屋上緑化', '放射能対策', '復興関連', '国家戦略特区', '大阪万博', '東京オリンピック', 'アベノミクス関連', '読売333', 'JPX日経400']"
1803,"['ゼネコン', '建設', '土木', '公共投資関連', 'ダム', '国土強靱化', 'インフラ輸出', '東京駅再開発', '羽田空港国際化', '首都高速補修', '耐震化', '防災', 'PFI', '土壌汚染', 'メタンハイドレート', 'スマートグリッド', 'ドライミスト', 'スマートシティ', '省エネ住宅', '省エネ支援', 'その他原子力発電関連', '風力発電', '洋上風力発電', '潮力発電', '水素', '海底資源', 'シールド工法', 'ESG投資', 'インド関連', 'インドネシア関連', '中東関連', 'ドバイ関連', 'アフリカ関連', '排出権取引', 'ヒートアイランド', 'クリーンルーム', '介護関連', '復興関連', '緑化関連', '屋上緑化', 'CO2回収・貯留', '国家戦略特区', '東京オリンピック', 'アベノミクス関連', '親子上場', '読売333']"
1807,"['道路', '公共投資関連', '首都高速補修', 'アスファルト', '防災']"
1808,"['マンション関連', 'マンション販売', 'マンション管理', '中古マンション再生', '高齢者住宅', '介護関連', 'カーシェアリング', '消費税増税メリット', '好配当', '建設', '読売333', 'JPX日経400']"
1810,"['ゼネコン', '建設', 'マンション関連', '太陽光発電関連', '老舗', 'PFI', '防災', '耐震化', 'あえてスタンダード']"
1811,"['ゼネコン', '建設', '土木', 'トンネル', '橋梁', 'シールド工法', 'リニア中央新幹線', '耐震化', '土壌汚染', '老舗', 'アフリカ関連', '東京オリンピック', 'あえてスタンダード']"
1812,"['ゼネコン', '建設', '土木', 'トンネル', 'ダム', '公共投資関連', '国土強靱化', 'インフラ輸出', '再開発', '鉄道関連', 'リニア中央新幹線', '東京駅再開発', '羽田空港国際化', '首都高速補修', '防災', '耐震化', 'PFI', '老舗', '風力発電', '洋上風力発電', 'バイオマス発電', '太陽光発電関連', 'その他原子力発電関連', 'メタンハイドレート', 'シールド工法', 'スマートシティ', 'ロボット', '省エネ支援', '脱炭素', 'CO2回収・貯留', '排出権取引', 'カジノ関連', 'インド関連', 'インドネシア関連', '中東関連', 'ドバイ関連', 'ロシア関連', 'アフリカ関連', 'クリーンルーム', 'ヒートアイランド', '植物工場', '土壌汚染', '緑化関連', 'アベノミクス関連', '復興関連', '国家戦略特区', '東京オリンピック', '読売333', 'JPX日経400']"
1813,"['ゼネコン', '消波ブロック', '海洋土木', '特殊土木', '公共投資関連', '地盤改良', '台風対策', '水害対策', 'ゲリラ豪雨', '浸水・止水対策', '液状化対策', '土壌汚染', 'ヒートアイランド', 'インフラ', '大阪万博', '防災', '国土強靱化', '風力発電', '復興関連', '土木', '建設', '建設・土木']"
1814,"['マンション関連', '復興関連', '建設', '建設・土木', '東証再編']"
1815,"['ゼネコン', '建設・土木', 'JR関連', '鉄道関連', '道路', 'マンション関連', 'インフラ', 'インフラ輸出', '鉄道輸出', '東京駅再開発', '再開発', 'リニア中央新幹線', '北陸新幹線', 'トンネル', 'シールド工法', '国土強靱化', '防災', 'PFI', 'インドネシア関連', '復興関連', '東京オリンピック', '大阪万博']"
1820,"['ゼネコン', '建設', '土木', 'ダム', 'トンネル', '公共投資関連', '国土強靱化', 'リニア中央新幹線', 'リニアモーターカー', '羽田空港国際化', 'シールド工法', '土壌汚染', '下水道', 'PFI', 'アフリカ関連', '放射能対策', 'ヒートアイランド', 'エコ・ファースト制度', '復興関連', '緑化関連', '東京オリンピック', '建設・土木']"
1821,"['ゼネコン', '公共投資関連', '橋梁', 'PFI', '東京駅再開発', 'インフラ', 'インフラ点検ロボット', '風力発電', 'インドネシア関連', 'ベトナム関連', 'インド関連', '耐震化', '復興関連', '親子上場', '建設・土木', '建設']"
1822,"['ゼネコン', '土木', 'シールド工法', 'トンネル', '国土強靱化', 'リニア中央新幹線', 'リニアモーターカー', '下水道', '洋上風力発電', '防災', '水害対策', '台風対策', 'ゲリラ豪雨', '浸水・止水対策', '復興関連', '建設・土木', '建設', 'あえてスタンダード']"
1826,"['ゼネコン', '建設', '土木', '公共投資関連', '道路', 'トンネル', '下水道', 'リフォーム', '耐震化', '復興関連', 'あえてスタンダード']"
1827,"['ゼネコン', 'リノベーション', 'アジア関連', 'あえてスタンダード', '建設']"
1828,"['プラント', '設備工事', '表面処理加工', 'メカトロニクス', '液晶製造装置', '建設']"
1833,"['ゼネコン', '建設', '土木', '公共投資関連', 'トンネル', '耐震化', '防災', '下水道', 'PFI', 'リニア中央新幹線', '緑化関連', 'ごみ処理', 'バイオマス発電']"
1835,"['防災', '耐震化', '鉄道関連', '緑化関連', 'リサイクル', '復興関連', 'JR関連', 'その他太陽電池関連', 'アベノミクス関連', '東京オリンピック', 'ホームドア', '北陸新幹線', '国土強靱化', '建設', '建設・土木', '鉄道設備投資', '鉄道輸出']"
1840,"['住宅関連', '木造住宅', 'リフォーム', '建設資材', '木材', '冬季五輪']"
1841,"['建設', '不動産関連', '住宅関連', 'マンション関連', 'ホテル', 'リノベーション', 'リフォーム', 'エレベーター', '建設資材', '防災']"
1844,"['下水道', '水道関連', '電線地中化', '公共投資関連', '不動産関連', '土木', '建設・土木']"
1847,"['建設', '内装', 'リフォーム', 'カジノ関連', 'IR(統合型リゾート)', 'あえてスタンダード']"
1848,"['土木', '建設', '橋梁', 'PC工法', 'コンクリート二次製品', '公共投資関連', 'インフラ', '道路', '鉄道関連', '国土強靱化', '耐震化', 'あえてスタンダード']"
184A,"['eラーニング', '通信教育', '個別指導塾', '学習塾', '映像制作', '動画配信', 'コンテンツ配信', '業務支援', '2024年のIPO', '教育']"
1850,"['ゼネコン', '鉄道関連', '大阪万博', '親子上場', '建設', '土木']"
1852,"['ゼネコン', '建設', '耐震化', '大阪万博', 'ヒートアイランド', '緑化関連', 'PFI', '老舗', '建設・土木']"
1853,"['ゼネコン', 'マンション関連', '道路', 'リフォーム', '大阪万博', '土木', '建設']"
1860,"['ゼネコン', '建設', '公共投資関連', '国土強靱化', 'PFI', '風力発電', '洋上風力発電', 'バイオマス発電', '脱炭素', '液状化対策', '土壌汚染', 'シールド工法', '在宅医療', '介護関連', 'ブラジル関連', 'ヒートアイランド', '緑化関連', 'エコ・ファースト制度', '東京オリンピック']"
1861,"['ゼネコン', '建設', '土木', '再開発', 'トンネル', 'リニア中央新幹線', '北陸新幹線', 'リニアモーターカー', 'シールド工法', '海底資源', '老舗', 'PFI', 'エコ・ファースト制度', '復興関連', '建設・土木']"
1866,"['建設', '土木', 'ゼネコン', 'ホテル', '広告代理店', 'ゴルフ', '復興関連', '冬季五輪', 'あえてスタンダード']"
1867,"['建設', 'ゼネコン', '介護関連', '北陸新幹線', 'リニア中央新幹線', '老舗', 'ヒートアイランド', '緑化関連', '復興関連', 'あえてスタンダード', '建設・土木']"
186A,"['宇宙ごみ対策', '宇宙開発関連', '衛星運営', 'メンテナンス', '国際会計基準', '2024年のIPO', 'サービス業']"
1870,"['ゼネコン', '建設', '土木', '公共投資関連', '鉄道関連', 'リニア中央新幹線', '北陸新幹線', '道路', 'トンネル', '不動産関連', 'マンション販売', '耐震化', '防災', '国土強靱化']"
1871,"['橋梁', 'PC工法', '公共投資関連', '首都高速補修', 'インフラ', '国土強靱化', '耐震化', '防災', '国家戦略特区', '東京オリンピック', 'アベノミクス関連', '復興関連', '親子上場', '建設', '土木']"
1873,"['注文住宅', '住宅関連', 'リフォーム', 'ホテル', 'マンション販売', 'スマートハウス', '消費税増税メリット', '復興関連']"
1878,"['賃貸住宅・アパート経営', '賃貸保証', '賃貸仲介', '住宅関連', '読売333', 'JPX日経400', 'JPXプライム150']"
1879,"['マンション関連', '不動産関連', '中国関連', '耐震化', 'PC工法', '建設', '東証再編']"
1882,"['道路', '土木', '公共投資関連', 'インフラ', 'アスファルト', '国土強靱化', '土壌汚染', '解体工事', 'リサイクル', '復興関連']"
1885,"['ゼネコン', '海洋土木', '羽田空港国際化', 'サハリン2', '風力発電', '洋上風力発電', 'リニア中央新幹線', '海底資源', 'レアアース', 'メタンハイドレート', '防災', '防砂', '液状化対策', 'インドネシア関連', '復興関連', '建設・土木', '建設', '土木']"
1887,"['ゼネコン', '土木', '建設', '公共投資関連', '再開発', '道路', '橋梁', 'トンネル', 'ダム', 'コンクリート補修', 'シールドマシン', '下水道', 'マンション関連', '不動産関連', '不動産流動化', '太陽光発電関連', 'メガソーラー', '建設機械', '国土強靱化', '防災', '耐震化', '復興関連', '2019年のIPO']"
1888,"['海洋土木', '土木', '公共投資関連', '国土強靱化', '羽田空港国際化', '老舗', '放射能対策', '復興関連', '建設', '建設・土木']"
1890,"['海洋土木', 'ゼネコン', '公共投資関連', '地盤改良', '国土強靱化', '羽田空港国際化', '風力発電', '洋上風力発電', '防災', 'アジア関連', 'アフリカ関連', 'CO2固定化技術', '緑化関連', '放射能対策', '復興関連', '建設・土木', '建設', '土木']"
1893,"['ゼネコン', '海洋土木', '公共投資関連', 'インフラ輸出', '羽田空港国際化', '海底資源', '老舗', '鉄道関連', '風力発電', '洋上風力発電', '液状化対策', 'ごみ処理', 'データセンター', 'オープンスカイ', 'シールド工法', 'ドローン', '防災', '国土強靱化', 'クルーズ', '大阪万博', '復興関連', 'アベノミクス関連', '東京オリンピック', '建設', '土木', '建設・土木']"
1897,"['建設', '公共投資関連', '道路', 'アスファルト', '建設・土木']"
1898,"['道路', '土木', '公共投資関連', 'アスファルト', '防災', '国土強靱化', '復興関連']"
1899,"['ゼネコン', '建設', '土木', '道路', 'トンネル', '鉄道関連', '北陸新幹線', '不動産関連', 'PFI', '復興関連']"
189A,"['医療支援', '病院経営', '介護関連', 'コンサルティング', '業務支援', 'リース', '医療機器', '医療器材', '人材紹介', '人材派遣', '外国人労働者', 'アウトソーシング', '2024年のIPO', 'サービス業']"
1904,"['設備工事', 'クリーンルーム', '省エネ空調', 'メンテナンス', '中国関連', '建設']"
1905,"['建設基礎工事', '地盤改良', '土壌汚染', '液状化対策', '建設コンサルタント', '住宅関連', '道路', '国土強靱化', '建設・土木']"
1909,"['防災', '設備投資', '設備工事', '消防自動車', 'プラント', '石炭火力発電', '機械', 'あえてスタンダード']"
190A,"['創薬', '抗がん剤', 'がん最先端治療', 'バイオ抗がん剤', 'バイオテクノロジー関連', '2024年のIPO', '医療・医薬品']"
1911,"['住宅関連', '注文住宅', '木造住宅', '林業', '木材', '建設資材', 'リフォーム', 'リノベーション', '長期優良住宅', 'スマートハウス', '賃貸住宅・アパート経営', '民泊', '住宅エコポイント', '消費税増税メリット', 'バイオマス発電', '風力発電', '地熱発電', '老舗', '中国関連', '韓国関連', 'オーストラリア関連', 'インドネシア関連', 'ベトナム関連', 'カーボンニュートラル', 'カーボンオフセット', '耐震化', '液状化対策', '砂漠緑化', '緑化関連', 'ヒートアイランド', 'ESG投資', 'なでしこ銘柄', '素材', '農林水産', '読売333', 'JPX日経400']"
1914,"['建設基礎工事', '地盤改良', '液状化対策', '公共投資関連', '国土強靱化', '耐震化', '地質調査', 'ゲリラ豪雨', '水害対策', 'リニア中央新幹線', 'トンネル', '防災', '復興関連', 'あえてスタンダード']"
1921,"['鉄塔', '橋梁', '電力設備投資関連', '送電', '鉄骨工事', '公共投資関連', '不動産関連', 'ビル賃貸', 'マンション関連', '耐震化', '電磁波シールド', '復興関連', '東京スカイツリー', '東京オリンピック', 'あえてスタンダード', '建設']"
1925,"['住宅関連', 'スマートハウス', '注文住宅', '長期優良住宅', 'マンション関連', '賃貸住宅・アパート経営', 'リフォーム', '建設資材', 'リチウムイオン電池', '蓄電池', 'ロボット', 'サービスロボット', 'インフラ点検ロボット', 'スマートシティ', 'スマートグリッド', 'スマートメーター', '介護関連', '介護ロボット', '介護レンタル', '高齢者住宅', 'サービス付き高齢者向け住宅', '駐車場', '消費税増税メリット', '住宅エコポイント', '再生可能エネルギー', '太陽光発電関連', 'メガソーラー', '風力発電', 'バイオマス発電', 'その他太陽電池関連', 'データセンター', '植物工場', '物流', 'インターネット通信販売', '防災', '地震速報', '木材', 'LED照明', 'カーシェアリング', '不動産ファンド', '中国関連', 'ベトナム関連', '中東関連', '復興関連', 'REIT', '金融', 'シャリア指数', 'なでしこ銘柄', '攻めのIT経営銘柄', '親子上場', '読売333', 'JPX日経400', 'JPXプライム150']"
1926,"['特殊土木', '地盤改良', '液状化対策', '土壌汚染', '公共投資関連', '台風対策', '水害対策', 'ゲリラ豪雨', '防砂', '防災', '放射能対策', '耐震化', '国土強靱化', '緑化関連', 'ヒートアイランド', '道路', 'アベノミクス関連', '復興関連', '東京オリンピック', '建設・土木', '建設']"
1928,"['住宅関連', 'スマートハウス', '注文住宅', '長期優良住宅', 'リフォーム', '賃貸住宅・アパート経営', 'マンション関連', 'スマートシティ', '住宅エコポイント', '消費税増税メリット', 'エコ・ファースト制度', 'ブレイン・マシン・インターフェース', 'メガソーラー', '太陽光発電関連', 'その他太陽電池関連', '燃料電池関連', '介護関連', '高齢者住宅', 'サービス付き高齢者向け住宅', '空き家対策', 'ワーケーション', '防災', 'バイオガス', 'ブロックチェーン', 'オーストラリア関連', '中国関連', '中東関連', 'ロシア関連', '地震速報', '復興関連', 'シャリア指数', 'なでしこ銘柄', '好配当', '読売333', 'JPX日経400', 'JPXプライム150']"
1929,"['特殊土木', '地盤改良', 'ダム', 'トンネル', '道路', '公共投資関連', '国土強靱化', '水害対策', '台風対策', 'ゲリラ豪雨', '防災', '防砂', '火山噴火関連', '復興関連']"
192A,"['M&A', 'コンサルティング', 'マッチングサービス', '事業承継', '後継者問題', '企業経営', '2024年のIPO', 'サービス業']"
1930,"['電力工事', '通信工事', '設備工事', '電力設備投資関連', '鉄道関連', 'データセンター', 'メガソーラー', '省エネ空調', 'エコキュート', 'PFI', '復興関連', '親子上場', '東証再編', '建設']"
1934,"['電力工事', '電力設備投資関連', '設備工事', 'PFI', 'その他太陽電池関連', '風力発電', 'コージェネレーション', '親子上場']"
1938,"['電力工事', '通信工事', '電力設備投資関連', '鉄道関連', 'JR関連', '道路', '道路標識', '太陽光発電関連', '携帯電話関連', '北陸新幹線', '鉄道輸出']"
1939,"['電力工事', '通信工事', '設備工事', '電力設備投資関連', 'リース', '太陽光発電関連', 'メガソーラー', 'PFI', '燃料電池関連', '東証再編', '建設']"
1941,"['電力設備投資関連', 'その他太陽電池関連', 'リフォーム', '電線地中化']"
1942,"['電力工事', '通信工事', '設備工事', '電力設備投資関連', '送電', 'スマートグリッド', '電線地中化', 'エコキュート', 'コージェネレーション', '太陽光発電関連', 'メガソーラー', '風力発電', 'データセンター', '省エネ住宅', '防災', '地上デジタル放送', '東京スカイツリー', '東京オリンピック', '親子上場', 'JPX日経400']"
1944,"['電力工事', '通信工事', '設備工事', '電力設備投資関連', '送電', 'スマートグリッド', 'クリーンルーム', 'データセンター', '省エネ支援', '電線地中化', '太陽光発電関連', '風力発電', '電力線通信', '院内感染', '緑化関連', '地上デジタル放送', 'インドネシア関連', '東京オリンピック', '読売333']"
1945,"['電力設備投資関連', 'メンテナンス', '原子力発電', '火力発電', 'コージェネレーション', '太陽光発電関連', '地熱発電', '再生可能エネルギー', 'データセンター', '省エネ支援', '解体工事', '通信工事', '技術者派遣', 'PFI']"
1946,"['電力工事', '通信工事', '設備工事', '電力設備投資関連', '省エネ支援', 'エコキュート', 'その他太陽電池関連', '親子上場']"
1948,"['電力工事', '設備工事', '電力設備投資関連', 'リノベーション', 'LED照明', '中国関連', '親子上場']"
1949,"['電力工事', '通信工事', '設備工事', '電力設備投資関連', '省エネ空調', '電線地中化', 'プラント', 'データセンター', '風力発電', 'その他太陽電池関連', 'IoT', '中国関連', 'インドネシア関連', 'タイ関連', '建設']"
194A,"['ペット', '病院経営', '創薬', 'CRM', '電子カルテ', '医療機器', 'サブスクリプション', '医療情報', '専門サイト', '事業承継', 'M&A', 'eラーニング', '通信教育', 'ソーシャルメディア', '2024年のIPO', 'サービス業']"
1950,"['鉄道関連', 'JR関連', '通信工事', '携帯電話関連', '東京オリンピック', '鉄道輸出']"
1951,"['通信工事', '光ファイバー工事', '公共投資関連', 'NTT関連', '携帯電話関連', '次世代ネットワーク', '5G', 'インフラ', '設備工事', 'データセンター', 'CATV', '鉄道関連', 'システムインテグレーション', 'ソフト・システム開発', 'デジタルトランスフォーメーション', 'クラウドコンピューティング', 'RPA', 'IoT', '光ファイバー', '電線地中化', 'Society5.0', 'リサイクル', '産業廃棄物処理', '防災', '耐震化', 'ブロードバンド', 'LTE', '地上デジタル放送', '復興関連', 'JPX日経400']"
1952,"['設備工事', 'クリーンルーム', '省エネ空調', 'ヒートアイランド', 'コージェネレーション', 'データセンター', '原子力発電', 'その他太陽電池関連', '燃料電池関連', 'リフォーム', '中国関連', '中東関連']"
1959,"['電力工事', '設備工事', '通信工事', '電力設備投資関連', '送電', 'データセンター', '太陽光発電関連', '風力発電', '防災', '光ファイバー工事', '電線地中化', 'リフォーム', '省エネ空調', '省エネ支援', 'JPX日経400']"
195A,"['マーケティング', '営業・販売支援', 'デジタルトランスフォーメーション', 'ソーシャルメディア', 'SNS', 'インフルエンサー', 'TikTok Shop', 'データ分析・解析', 'eコマース', '化粧品', 'トイレタリー', '歯科', 'アパレル', '美容', '電動アシスト自転車', '情報配信', 'アドテクノロジー', 'インターネット広告関連', 'インターネット関連', 'クラウドコンピューティング', 'M&A', '韓国関連', '2024年のIPO', 'サービス業']"
1960,"['電力工事', '設備工事', '電力設備投資関連', '省エネ空調', 'アジア関連', '建設']"
1961,"['設備工事', '電力設備投資関連', '省エネ空調', '省エネ関連', 'クリーンルーム', 'データセンター', 'コージェネレーション', 'その他原子力発電関連', '下水道', '水道関連', '産業廃棄物処理', 'FA関連', '物流', '防災', '大気汚染', '建設']"
1963,"['プラント', 'インフラ輸出', 'エンジニアリング', '火力発電', '石炭ガス化複合発電', '天然ガス火力発電', '石炭液化・石炭ガス化', '原子力発電', '核融合発電', '小型原子炉', '資源開発', '円安メリット', '原油高メリット', 'バイオエタノール', 'LNG', 'オイルサンド・シェール', 'シェールガス', 'メタンハイドレート', '海水淡水化', '水ビジネス', '洋上風力発電', 'メガソーラー', 'ペロブスカイト太陽電池', '太陽熱発電', '地熱発電', '蓄電池', 'アンモニア', '水素', 'バイオ航空燃料', '脱炭素', '排出権取引', 'CO2固定化技術', 'CO2回収・貯留', 'バイオマスプラスチック', 'スマートシティ', 'デジタルツイン', '人工肉', 'グローバルサウス', '中東関連', 'サウジアラビア関連', 'インド関連', 'インドネシア関連', 'アフリカ関連', '中国関連', 'ロシア関連', '大気汚染', '放射能対策', 'アベノミクス関連']"
1964,"['プラント', '設備投資', '設備工事', '鉄鋼', '液晶製造装置', '有機EL製造装置', '太陽電池製造装置', '全固体電池', 'バイオマス発電', 'リサイクル', '産業廃棄物処理', '大気汚染', '排ガス規制', '特殊鋼', 'ステンレス', 'タッチパネル', 'アンモニア', '中国関連', '台湾関連']"
1965,"['設備工事', 'クリーンルーム', '省エネ空調', '省エネ関連', 'エアコン', '植物工場', 'メンテナンス', '衛生', '建設']"
1966,"['プラント', 'エンジニアリング', '電力設備投資関連', '半導体製造装置', 'LED製造装置', '原子力発電', 'MEMS', 'パワー半導体', 'メンテナンス', 'アジア関連']"
1967,"['省エネ空調', '冷凍冷蔵設備', '下水道', '水道関連', '太陽電池・太陽光発電システム', 'あえてスタンダード', '建設']"
1968,"['プラント', '電力設備投資関連', 'エンジニアリング', 'メンテナンス', '解体工事', '原子力発電', '石炭火力発電', '再生可能エネルギー', 'バイオマス発電', '風力発電', '洋上風力発電', '地熱発電', 'コージェネレーション', '耐震化', '防災']"
1969,"['設備工事', '省エネ空調', '省エネ支援', 'クリーンルーム', 'データセンター', 'コージェネレーション', '水素', 'インフルエンザ関連', 'エボラ出血熱関連', '衛生', 'JPX日経400']"
196A,"['住宅関連', '不動産投資', '金融商品比較サイト', '不動産情報サイト', 'ウェブサービス', '2024年のIPO', '金融']"
1972,"['設備工事', '屋上緑化', '建設資材', '太陽電池・太陽光発電システム', '緑化関連', 'ヒートアイランド', 'サマーストック', '東京オリンピック', 'あえてスタンダード', '建設']"
1975,"['設備工事', 'クリーンルーム', '省エネ空調', '半導体製造装置', '液晶製造装置', '有機EL製造装置', 'データセンター', '植物工場', '衛生', '東証再編', '建設']"
1976,"['LNG', 'LNG運搬船', 'コンクリート補修', 'プラント', 'バイオマス発電', '原子力発電', 'シェールガス', 'クリーンルーム', 'アスベスト対策', '建設']"
1979,"['設備工事', 'クリーンルーム', '省エネ空調', 'コージェネレーション', '自動車製造装置', 'リチウムイオン電池製造装置', '植物工場', '省エネ支援', 'PM2.5', '中国関連', 'アジア関連', 'インドネシア関連']"
197A,"['医療・医薬品', '診断薬', '試験・検査・計測', 'インフルエンザ関連', '新型コロナウイルス薬', 'ノロウイルス対策', 'ポストコロナ', '2024年のIPO', '医薬品関連']"
1980,"['設備工事', '受変電設備', '電力工事', '通信工事', '水道関連', '下水道', '省エネ空調', 'コージェネレーション', 'データセンター', '制御システム', 'リフォーム', '人工知能', 'デジタルツイン', '遠隔監視', 'クラウドコンピューティング', 'アジア関連', '建設']"
1981,"['ガス工事', '設備工事', '家庭用燃料電池', 'リノベーション', '電力工事', '水道関連', 'メンテナンス']"
1982,"['設備工事', '省エネ空調', '省エネ支援', 'NTT関連', 'データセンター', '警備']"
198A,"['SNS', 'ソーシャルメディア', '金融', '情報配信', 'YouTube', 'サブスクリプション', '動画配信', 'ライブ配信', '携帯電話向けソフト', '株式市場', '商品先物取引', 'アフィリエイト広告', '2024年のIPO', 'ウェブサービス']"
1992,"['通信工事', 'ソフト・システム開発', '情報システム', '制御システム', '監視カメラ', '人工知能', '音声認識', 'アウトソーシング', 'コールセンター']"
1994,"['建設', 'PC工法', 'コンクリート二次製品', '建設資材', '家具', '素材']"
1997,"['設備工事', 'プラント', 'ビルメンテナンス', '水道関連', '下水道', 'アスベスト対策', '土木', '建設・土木']"
2001,"['製粉', '冷凍食品', '内食', '中食', 'パスタ', '健康・機能性食品', 'サプリメント', 'トクホ', 'コメ関連', 'パンケーキ', '老舗', '01銘柄', 'バイオテクノロジー関連', '人工肉', 'ペット', '円高メリット', '食品']"
2002,"['製粉', 'パスタ', '冷凍食品', '中食', '総菜', '健康・機能性食品', 'オーガニック食品', 'サプリメント', 'ベーカリー', '老舗', '個人消費関連', 'ディフェンシブ', 'トクホ', 'スキンケア', 'アンチエイジング', '円高メリット', '医薬中間体', '太陽電池部材・部品', 'エンジニアリング', '機械', 'アジア関連', 'インド関連', '食品', '読売333']"
2003,"['製粉', '外食', '内食', '健康・機能性食品', '親子上場', 'あえてスタンダード', '食品']"
2004,"['製粉', '食用油', '飼料', 'インスタント食品', '健康・機能性食品', 'パスタ', 'パンケーキ', '冷凍食品', '大豆', '人工肉', '植物工場', '内食', '食品ロス', '中国関連']"
2009,"['製粉', '食品添加物', 'パン', '冷凍食品', '飼料', '内食', 'あえてスタンダード']"
202A,"['ソフト・システム開発', 'デジタルトランスフォーメーション', 'クラウドコンピューティング', 'ITコンサルティング', 'ERP', 'ロボット', '人工知能', 'フィジカルAI', '生成AI', '制御システム', '自動運転車', 'RPA', '組み込みソフト', 'IoT', 'ITS', '教育', '2024年のIPO', 'IT関連']"
2053,"['飼料', '水産資源', '鶏卵', '鶏肉', '豚肉', '食肉', '肥料', '養殖', 'ペット', '円高メリット', 'アベノミクス関連', 'TPP関連']"
2055,"['飼料', '畜産', 'バイオエタノール', '含み資産']"
205A,"['住宅関連', '注文住宅', '木造住宅', '省エネ住宅', '長期優良住宅', '建設DX', '中古住宅', 'リノベーション', '2024年のIPO', '建設']"
2060,"['飼料', '畜産', '水産資源', '食肉', '豚肉', '鶏卵', '養殖', 'ペット', '円高メリット', 'TPP関連', 'アベノミクス関連', '農林水産']"
206A,"['創薬', '医療・医薬品', '抗がん剤', 'バイオ抗がん剤', '細胞医薬品', 'バイオテクノロジー関連', '2024年のIPO', '医薬品関連']"
208A,"['ITコンサルティング', 'システムインテグレーション', 'ソフト・システム開発', '建設コンサルタント', '建設DX', 'クラウドコンピューティング', 'サブスクリプション', 'データ分析・解析', '防災', '水害対策', 'ゲリラ豪雨', '耐震化', '風力発電', '洋上風力発電', '人材派遣', 'ビジネス・プロセス・アウトソーシング', 'スマートロック', '復興関連', 'Society5.0', '2024年問題', 'IT関連']"
2108,"['製糖', '飼料', '農業関連', '農業機械', 'ビル賃貸', '含み資産', 'バイオエタノール', 'セルロースナノファイバー', '円高メリット', '素材', '食品']"
2109,"['製糖', '健康・機能性食品', '食品添加物', '調味料', '抗菌', 'バイオエタノール', '弁当', 'ビル賃貸', '円高メリット', 'メタボリック対策', '生活習慣病', '食品']"
2112,"['製糖', 'トクホ', '健康・機能性食品', '薬物配送システム', 'バイオエタノール', 'インフルエンザ関連', 'あえてスタンダード', '食品']"
2114,"['製糖', '健康・機能性食品', '食品添加物', 'バイオエタノール', '通信販売', 'ビル賃貸', '食品']"
2117,"['製糖', 'フィットネスクラブ', '倉庫', 'バイオエタノール', '国際会計基準', '東証再編']"
211A,"['建設', '不動産関連', 'ビル賃貸', '賃貸仲介', '太陽光発電関連', '2024年のIPO']"
2120,"['不動産情報サイト', '専門サイト', '不動産関連', '不動産ネット取引', '不動産テック', 'SNS', 'スマートロック', 'ビーコン', '高齢者住宅', 'サービス付き高齢者向け住宅', '民泊', '空き家対策', 'シェアリングエコノミー', 'クラウドファンディング', 'インターネット広告関連', '国際会計基準', '攻めのIT経営銘柄', 'ウェブサービス', 'サービス業']"
2121,"['SNS', 'スマホゲーム', 'ソーシャルゲーム', 'ソーシャルメディア', '専門サイト', '求人情報', '動画配信', 'YouTube', 'eスポーツ', 'マーケティング', 'LINE関連', 'スマートフォン', 'iPhone関連', 'Android', 'インターネット関連', 'フォトブック', 'バスケットボール', 'C2C', 'ウェブサービス', 'サービス業']"
2122,"['アフィリエイト広告', 'インターネット広告関連', 'ネット広告', '検索連動型広告', 'モバイル広告', 'ネット選挙', '子育て支援', 'ふるさと納税', 'サブスクリプション', '専門サイト', 'ポータルサイト', '旅行サイト', 'ペット', '学習塾', 'LINE関連', 'スマートフォン', 'O2O', 'SEO', 'アジア関連', 'インドネシア関連', 'ベトナム関連', 'タイ関連', 'マレーシア関連', 'サービス業']"
2124,"['人材紹介', 'コンサルティング', '求人広告', '求人情報', '専門サイト', '働き方改革', 'アジア関連', '欧州関連', '人材', 'サービス業', 'JPX日経400']"
2127,"['M&A', 'コンサルティング', '後継者問題', '事業承継', 'マッチングサービス', '中国関連', 'サービス業', 'JPX日経400', 'JPXプライム150']"
212A,"['フィットネスクラブ', 'アミューズメント', 'スポーツ', 'ゴルフ', 'テニス', 'エステ', 'サブスクリプション', 'フランチャイズチェーン', '関税フリー', '2024年のIPO', 'サービス業']"
2130,"['マーケティング', 'ソーシャルメディア', 'Webサイト構築', '営業・販売支援', '技術者派遣', 'インターネット調査・分析', 'ビッグデータ', '人工知能', '生成AI', 'コンサルティング', 'インターネット広告関連', 'SEO', 'フェイスブック', 'YouTube', 'Society5.0', '国際会計基準', 'ウェブサービス', 'サービス業', 'IT関連']"
2134,"['投資事業', '不動産関連', '不動産投資', '不動産ファンド', 'ゴルフ', '再生可能エネルギー', 'バイオマス発電', 'データセンター', 'サービス業']"
2136,"['技術者派遣', '人材派遣', 'サービス業', '人材']"
2138,"['アウトソーシング', '技術者派遣', '人材派遣', '人材紹介', '介護関連', 'eコマース', 'アパレル', 'セレクトショップ', 'インターネット通信販売', '年末商戦', '人材']"
2139,"['広告代理店', 'フリーペーパー', 'イベント', 'eコマース', 'あえてスタンダード', 'サービス業', '広告']"
2146,"['人材派遣', '製造請負', '技術者派遣', '外国人労働者', '働き方改革', 'その他液晶関連', 'その他半導体関連', '人材', 'サービス業']"
2148,"['専門サイト', '情報配信', 'インターネット広告関連', 'ネット広告', 'マーケティング', '営業・販売支援', 'BtoB', 'デジタルトランスフォーメーション', 'ビッグデータ', 'データ分析・解析', '人工知能', 'RPA', 'クラウドコンピューティング', 'イベント', 'オンラインイベント', '展示会', '動画投稿サイト', 'コンテンツ配信', '国際会計基準', 'ウェブサービス', '親子上場', 'IT関連', 'サービス業']"
2150,"['専門サイト', '医療情報', '医薬品関連', '医療支援', '営業・販売支援', '遠隔医療', 'オンライン診療', 'デジタルトランスフォーメーション', '動画配信', 'eラーニング', '教育', '求人情報', '人材紹介', 'マッチングサービス', '働き方改革', 'ウェブサービス', 'サービス業']"
2152,"['教育', '育児', 'コンサルティング', '子育て支援', '待機児童', '少子化対策', 'アベノミクス関連', 'サービス業']"
2153,"['建設コンサルタント', '公共投資関連', 'M&A', '防災', 'トンネル', '国土強靱化', 'サービス業']"
2154,"['技術者派遣', '人材派遣', '製造請負', '人材紹介', 'ソフト・システム開発', 'eラーニング', 'CAD', '障害者支援', '国際会計基準', '中国関連', 'インドネシア関連', 'ベトナム関連', '人材', 'サービス業', 'JPX日経400']"
2156,"['広告代理店', 'インターネット広告関連', 'モバイル広告', 'マーケティング', '地方創生', 'フリーペーパー', 'イベント', '広告', 'Webサイト構築', 'サービス業']"
2157,"['カラオケ', '温泉入浴', 'VR', 'ナイトタイムエコノミー', 'おひとりさま', 'サービス業']"
2158,"['リーガルテック', 'データ分析・解析', '人工知能', 'ビッグデータ', 'マーケティング', '営業・販売支援', '医療情報', '創薬', 'AI医療診断', '生成AI', 'ロボット', '情報セキュリティ', 'クラウドコンピューティング', '新型コロナウイルス薬', 'コロナウイルス', 'ポストコロナ', 'Society5.0', 'IT関連', 'サービス業']"
215A,"['求人情報', '人材紹介', '求人広告', 'マッチングサービス', 'アルバイト・パート', '働き方改革', '2024年のIPO', '人材', 'サービス業']"
2160,"['創薬', '医療・医薬品', '遺伝子治療', '遺伝子解析サービス', '医療機器', 'コロナウイルス', 'COVID-19', 'マスク', 'バイオテクノロジー関連', '国際会計基準', '中国関連', '医薬品関連']"
2162,"['人材派遣', '製造請負', '電子機器受託生産', 'リチウムイオン電池', '蓄電池', '外国人労働者', '働き方改革', 'ベトナム関連', '人材', 'サービス業']"
2163,"['技術者派遣', '人材派遣', '人材紹介', '転職支援', '人材育成', '外国人労働者', 'サービス業', '人材', '東証再編']"
2164,"['フリーペーパー', '新聞', '広告', '専門サイト', '求人情報', '人工知能', '生成AI', 'サービス業']"
2168,"['人材派遣', '技術者派遣', '人材紹介', '就職支援', 'ビジネス・プロセス・アウトソーシング', 'アウトソーシング', 'テレワーク', '働き方改革', 'クラウドソーシング', 'マッチングサービス', '外国人労働者', '家事代行', '子育て支援', '学童保育', '待機児童', '障害者支援', '選挙関連', 'シェアリングエコノミー', 'ワーケーション', '人生100年時代', 'NISA関連', 'アベノミクス関連', '親子上場', '人材', 'サービス業', 'JPX日経400']"
2169,"['ソフト・システム開発', 'FA関連', 'CAD', 'ロボット', 'IoT', 'eラーニング', '人材派遣', 'Society5.0', 'あえてスタンダード', 'サービス業']"
2170,"['コンサルティング', '資格学校', '企業研修', '人材育成', '人材紹介', '人材派遣', 'サブスクリプション', 'クラウドコンピューティング', 'HRテック', '学習塾', '働き方改革', '国際会計基準', 'アベノミクス関連', '親子上場', 'サービス業']"
2173,"['イベント', '展示会', '営業・販売支援', 'マーケティング', '内装', 'デジタルサイネージ', '映像制作', 'サービスロボット', '人工知能', 'チャット', 'チャットボット', 'Go To イベント', '大阪万博', 'サービス業']"
2175,"['人材紹介', '医療支援', '介護関連', '就職支援', '業務支援', '障害者支援', 'サブスクリプション', 'コンサルティング', '専門サイト', 'インターネット関連', '求人広告', '超高齢社会', 'シニア', 'アジア関連', 'アベノミクス関連', 'ウェブサービス', 'サービス業']"
2179,"['学習塾', '個別指導塾', '育児', '知育', '子育て支援', 'フランチャイズチェーン', 'サービス業']"
2180,"['マーケティング', '営業・販売支援', 'スポーツ', 'イベント', 'ダイニングレストラン', 'パンケーキ', 'コンテンツ', 'ソーシャルメディア', 'インフルエンサー', '音楽', 'OEM', 'Go To イベント', 'パリオリンピック', '東京オリンピック', 'あえてスタンダード', 'サービス業']"
2181,"['人材派遣', '技術者派遣', '人材紹介', '転職支援', 'アウトソーシング', 'ビジネス・プロセス・アウトソーシング', '製造請負', '営業・販売支援', '求人情報', '外国人労働者', 'アルバイト・パート', 'リスキリング', '障害者支援', 'RPA', '働き方改革', 'ステーブルコイン', '人生100年時代', 'メタボリック対策', 'NISA関連', '選挙関連', '国際会計基準', 'アジア関連', 'オーストラリア関連', 'アベノミクス関連', '人材', '読売333', 'JPX日経400', 'サービス業']"
2183,"['医薬品開発支援', '医薬品営業受託', '抗がん剤', '認知症薬', '統合失調症薬', '新型コロナウイルス薬', 'バイオテクノロジー関連', 'アジア関連', '欧州関連', 'あえてスタンダード', 'サービス業']"
2185,"['マーケティング', '営業・販売支援', '印刷', 'アジア関連', 'サービス業']"
2186,"['ソフト・システム開発', '技術者派遣', '組み込みソフト', '自動運転車', 'IoT', '人工知能', 'ICタグ', 'Society5.0', 'IT関連', 'サービス業']"
218A,"['ドローン', 'インフラ点検ロボット', '下水道', 'デジタルツイン', 'データ分析・解析', '画像認識', 'ソフト・システム開発', '人工知能', 'IoT', 'デジタルトランスフォーメーション', 'レンタル', 'ロボット', 'インフラ', '2024年のIPO']"
2193,"['専門サイト', '料理レシピ', 'ソーシャルメディア', 'モバイルコンテンツ', 'eコマース', 'ネット広告', 'モバイル広告', 'ディスプレー広告', '宅配', '和食', 'インターネット関連', 'スマートフォン', 'O2O', 'シェアリングエコノミー', '農業関連', '国際会計基準', '復興関連', 'あえてスタンダード', 'ウェブサービス', 'サービス業']"
2195,"['産業廃棄物処理', 'リサイクル', '環境関連', 'コンサルティング', 'バイオガス', 'その他太陽電池関連', '水産資源', '脱炭素', 'マレーシア関連', '復興関連', 'サービス業']"
2196,"['ブライダル', '結婚関連', 'ホテル', 'レストラン', '不動産関連', '住宅関連', 'マンション関連', 'リノベーション', '建設', 'あえてスタンダード', 'サービス業']"
2198,"['結婚関連', 'ブライダル', 'ハウスウエディング', '介護関連', '高齢者住宅', '食品', 'サービス業', '東証再編']"
219A,"['創薬', 'iPS細胞', '再生医療', '2024年のIPO', '医療・医薬品']"
2201,"['菓子', 'アイスクリーム', 'チョコレート', '個人消費関連', '健康・機能性食品', '老舗', 'パンケーキ', 'バレンタインデー', 'ハロウィン', 'サマーストック', 'シーズンストック', '猛暑', '01銘柄', '錦織圭', 'YouTube', 'JPX日経400']"
2204,"['菓子', 'カレー', 'レストラン', 'コンビニエンスストア', '個人消費関連', '米製品', '内食', '巣ごもり', 'あえてスタンダード']"
2206,"['菓子', 'チョコレート', 'アイスクリーム', '乳製品', '乳酸菌', '牛乳', '清涼飲料', '健康・機能性食品', '調味料', 'アミノ酸', '米食', 'サプリメント', 'カレー', '個人消費関連', '猛暑', 'サマーストック', 'バレンタインデー', 'ハロウィン', 'スマートセルインダストリー', 'YouTube', '中国関連', '食品']"
2207,"['菓子', 'チョコレート', 'アイスクリーム', '健康・機能性食品', '化成品', '医療器材', 'バレンタインデー', 'サマーストック', 'シーズンストック', '食品']"
2208,"['菓子', 'チョコレート', '飲料', 'ミネラルウォーター', 'アイスクリーム', '健康・機能性食品', '米製品', '再生医療', 'iPS細胞', 'バレンタインデー']"
2209,"['菓子', 'アイスクリーム', '調味料', '豆腐', '大豆', '日本酒', 'サマーストック', 'シーズンストック', 'ハラル', '食品']"
220A,"['ソフト・システム開発', 'マーケティング', '営業・販売支援', 'デジタルトランスフォーメーション', 'SEO', 'SaaS', 'ITコンサルティング', '人材紹介', '企業研修', 'マッチングサービス', 'YouTube', 'オフショア開発', '2024年のIPO']"
2211,"['菓子', 'チョコレート', 'レストラン', '外食', '飲料', 'ジュース', 'コメ関連', 'バレンタインデー', 'クリスマス', '中国関連', '親子上場', '食品']"
2212,"['パン', '菓子', 'コンビニエンスストア', '外食', 'レストラン', '個人消費関連', 'ドーナツ', 'チョコレート', 'バレンタインデー', 'コメ関連', 'TPP関連', '復興関連', '親子上場', '食品']"
2215,"['パン', '菓子', '内食', 'ポケモン', 'TPP関連', 'あえてスタンダード', '食品']"
2216,"['菓子', '素材', 'インターネット通信販売', '食品']"
2217,"['チョコレート', 'バレンタインデー', '個人消費関連', 'レストラン', '喫茶店']"
2220,"['菓子', '米製品', '乳酸菌', '人工肉', '防災', '花見', 'アジア関連', '中国関連', 'TPP関連', '食品']"
2221,"['米製品', '菓子', '専門店', 'インターネット通信販売']"
2222,"['菓子', 'インバウンド', 'レジャー・リゾート', 'バレンタインデー', '日本食', '旅行', '10連休', '食品', 'JPX日経400', 'JPXプライム150']"
2224,"['パン', 'プライベートブランド', '内食', 'インターネット通信販売', 'カタログ通信販売', '生協関連']"
2226,"['菓子', '健康・機能性食品', '人工肉', '台湾関連', 'ベトナム関連', 'タイ関連', '親子上場', '食品']"
2229,"['菓子', '食品', '韓国関連', '中国関連', 'TPP関連', 'サッカーW杯', 'なでしこ銘柄', 'JPX日経400']"
2264,"['牛乳', '健康・機能性食品', '乳製品', 'チーズ', 'アイスクリーム', '乳酸菌', '個人消費関連', '花粉症対策', 'サマーストック', 'シーズンストック', 'その他バイオマス', 'インフルエンザ関連', 'ノロウイルス対策', '介護関連', '宅配', '猛暑', '衛生', 'TPP関連', '食品', 'JPX日経400']"
2266,"['乳製品', 'チーズ', '個人消費関連', 'バレンタインデー', 'TPP関連']"
2267,"['乳酸菌', '健康・機能性食品', 'トクホ', '清涼飲料', '化粧品', '医療・医薬品', '抗がん剤', '大衆薬', '訪問販売', 'ディフェンシブ', 'メタボリック対策', 'アンチエイジング', 'プロ野球', 'グローバルサウス', 'アジア関連', 'インドネシア関連', '中国関連', '韓国関連', 'タイ関連', 'メキシコ関連', 'ブラジル関連', 'TPP関連', 'シャリア指数', '食品', '読売333', 'JPX日経400', 'JPXプライム150']"
2268,"['アイスクリーム', '菓子', 'サマーストック', 'クリスマス', 'バレンタインデー', 'シーズンストック', '猛暑', '郊外展開チェーン', 'フランチャイズチェーン']"
2269,"['牛乳', 'アイスクリーム', '乳製品', '乳酸菌', 'チーズ', 'チョコレート', '菓子', '冷凍食品', '健康・機能性食品', '個人消費関連', 'ジェネリック医薬品', 'ワクチン療法', '新型コロナワクチン', 'インフルエンザ関連', 'エムポックス', 'ノロウイルス対策', '鳥インフル', 'メタボリック対策', '花粉症対策', '大衆薬', 'トクホ', 'スキンケア', '口蹄疫', '院内感染', '介護関連', 'アミノ酸', '畜産', 'バイオガス', 'アンチエイジング', 'サマーストック', '猛暑', '熱中症対策', 'ウィンターストック', 'バレンタインデー', 'ハロウィン', 'シーズンストック', 'ジュース', '宅配', 'YouTube', 'インドネシア関連', 'TPP関連', '衛生', '食品', '読売333', 'JPX日経400']"
2270,"['乳製品', 'チーズ', '飲料', '牛乳', '乳酸菌', 'ジュース', '野菜ジュース', '健康・機能性食品', '飼料', '種苗', '農業関連', '個人消費関連', 'ベビー', 'シーズンストック', 'サマーストック', '猛暑', 'メタボリック対策', 'TPP関連', '食品']"
2281,"['ハム・ソーセージ', '食肉', '総菜', '不妊治療', '人工肉', '年末商戦', '豚コレラ', 'TPP関連', '親子上場']"
2282,"['ハム・ソーセージ', '食肉', '総菜', '内食', 'コメ関連', '養殖', '養殖マグロ', '人工肉', '冷凍食品', 'ピザ', 'ディフェンシブ', '年末商戦', 'プロ野球', '国際会計基準', 'タイ関連', 'ミャンマー関連', '豚コレラ', 'TPP関連', '食品', '読売333']"
2286,"['食肉', '飼料', 'ハム・ソーセージ', '健康・機能性食品', '養殖', 'マグロ', '養殖マグロ', '水産資源', 'TPP関連', 'ハラル', '豚コレラ', 'あえてスタンダード']"
2288,"['ハム・ソーセージ', '食肉', '総菜', 'インスタント食品', 'カレー', '飲料', '年末商戦', '牛肉', '豚肉', '人工肉', 'うなぎ', 'TPP関連', '豚コレラ']"
228A,"['ソフト・システム開発', 'デジタルトランスフォーメーション', '会計ソフト・システム', 'CRM', 'ERP', '電子認証', '電子政府', 'サブスクリプション', 'クラウドコンピューティング', '業務支援', 'データ分析・解析', '改正電子帳簿保存法', '2024年のIPO', 'IT関連']"
2291,"['ハム・ソーセージ', 'インスタント食品', '食肉', '豚肉', '牛肉', '年末商戦', '豚コレラ']"
2292,"['食肉', '内食', '焼き肉', '豚コレラ', '親子上場', '食品']"
2293,"['ハム・ソーセージ', '食肉', '総菜', '中食', '豚肉', '牛肉', '年末商戦', '豚コレラ']"
2294,"['食肉', '牛肉', '総菜', '菓子', '中食', '弁当', '外食', 'レストラン', '日本食', '花見', '軽減税率']"
2296,"['ハム・ソーセージ', '食肉', '総菜', 'チーズ', '内食', 'オーガニック食品', 'ピザ', '人工肉', '個人消費関連', '軽減税率', 'TPP関連', '豚コレラ']"
2300,"['クリーニング', 'サービス業']"
2301,"['専門サイト', '求人情報', '就職支援', '転職支援', '人材紹介', 'イベント', 'オンラインイベント', 'Go To イベント', '人材', 'サービス業']"
2303,"['ソフト・システム開発', '地図情報システム', 'G空間', '防災', 'ドローン', '自動運転車', 'GPS', 'クラウドコンピューティング', '地図', 'Society5.0', '火山噴火関連', '携帯ナビ', 'IT関連']"
2304,"['ホテル', '外食', '音楽', '警備', '防犯', '給食', '大阪万博', 'サービス業']"
2305,"['ペット', '写真館', '子育て支援', 'レンタル', '写真', 'イベント', 'なでしこ銘柄', 'サービス業']"
2307,"['システムインテグレーション', 'ソフト・システム開発', '金融向けシステム', 'キャッシュレス決済', 'クレジットカード', 'フィンテック', '電子政府', 'マイナンバー', 'デジタルトランスフォーメーション', '業務支援', 'RPA', 'クラウドコンピューティング', 'コンサルティング', '仮想通貨', 'ブロックチェーン', 'ポストコロナ', 'Society5.0', 'IT関連', '東証再編']"
2311,"['住宅設備機器', '下水道', 'スマートハウス', '住宅関連', '太陽光発電関連', '省エネ支援', 'コールセンター', 'メンテナンス', '営業・販売支援', '蓄電池', 'ソフト・システム開発', 'エネルギー', 'あえてスタンダード', 'サービス業']"
2315,"['システムインテグレーション', 'ソフト・システム開発', '金融向けシステム', 'フィンテック', 'HRテック', 'ブロックチェーン', 'NFT', '人工知能', 'ビッグデータ', 'データ分析・解析', 'オフショア開発', 'IT関連']"
2317,"['ソフト・システム開発', '携帯電話向けソフト', '金融向けシステム', '組み込みソフト', 'システムインテグレーション', 'クラウドコンピューティング', 'RPA', '人工知能', 'IoT', '自動運転車', 'SDV', 'ATM', '3D映像', 'マイナンバー', 'アウトソーシング', 'メンテナンス', 'スマートフォン', '元号関連', 'Society5.0', 'IT関連', 'JPX日経400']"
2321,"['ソフト・システム開発', '人工知能', '生成AI', 'データセンター', 'サービスロボット', 'IP電話', 'コールセンター', 'Webサイト構築', '業務支援', 'チャットボット', 'クラウドコンピューティング', '次世代ネットワーク', 'VOLTE', 'Society5.0', 'IT関連']"
2323,"['SMS', '営業・販売支援', 'マーケティング', 'ソフト・システム開発', '携帯電話向けソフト', 'デジタルトランスフォーメーション', 'SaaS', 'クラウドコンピューティング', 'サイバーセキュリティ', 'オンライン診療', 'M&A', 'パソコン', 'スマートフォン', 'iPhone関連', 'Android', 'テレワーク', 'IT関連']"
2325,"['建設コンサルタント', '下水道', '水道関連', '地質調査', '公共投資関連', 'インフラ', '防災', '水害対策', 'ゲリラ豪雨', '浸水・止水対策', '耐震化', 'ドローン', 'PFI', 'アジア関連', '中東関連', '東証再編', 'サービス業']"
2326,"['ソフト・システム開発', 'インターネットフィルタリング', '情報セキュリティ', 'サイバーセキュリティ', 'セキュリティソフト', 'テレビ会議', 'チャット', 'サブスクリプション', 'SaaS', 'マイナンバー', 'Society5.0', 'IT関連']"
2327,"['システムインテグレーション', 'ソフト・システム開発', '情報システム', '情報セキュリティ', 'デジタルトランスフォーメーション', 'クラウドコンピューティング', 'データセンター', 'IoT', '5G', 'ローカル5G', '人工知能', 'サイバーセキュリティ', 'セキュリティソフト', 'ビッグデータ', '電子政府', '電子認証', '脱ハンコ', '遠隔監視', '画像認識', 'トレーサビリティー', 'ドローン', '通信機器', 'テレワーク', 'ポストコロナ', '生産性革命', 'SaaS', 'Society5.0', 'スマートシティ', '国際会計基準', '日本版SOX法', '省エネ支援', '食の安全', '親子上場', 'IT関連', 'JPX日経400']"
2329,"['広告', '動画広告', '映像制作', '番組制作', '衛星放送', 'CS放送', 'インテリア', 'コンテンツ', '著作権ビジネス', '映画', 'アニメ', '動画配信', '3D映像', '放送機器', '放送']"
2330,"['ゲーム関連', 'アミューズメント', 'キャラクター', '雑貨', 'ソフト・システム開発', '生成AI', '人工知能', '人材派遣', '電子書籍', '出版', 'イベント', 'モバイルコンテンツ', 'コンテンツ配信', '陸運', '物流']"
2331,"['警備', '防災', '防犯', '情報セキュリティ', '見守りサービス', 'サブスクリプション', '監視カメラ', 'ロボット', 'サービスロボット', 'ドローン', 'カジノ関連', 'IR(統合型リゾート)', '民泊', '空き家対策', 'マンション関連', '事業継続計画', '選挙関連', 'マイナンバー', 'AED', 'PFI', '関税フリー', '鳥獣被害対策', 'Society5.0', 'ベトナム関連', 'ラグビーワールドカップ', '大阪万博', 'パリオリンピック', '東京オリンピック', 'サービス業', '読売333']"
2332,"['システムインテグレーション', 'ソフト・システム開発', '情報セキュリティ', 'ERP', '金融向けシステム', 'メンテナンス', 'Society5.0', 'IT関連']"
2334,"['求人広告', '求人情報', '専門サイト', 'ソーシャルメディア', 'SNS', '旅行サイト', 'ペット', 'インターネット広告関連', 'ゲーム関連', 'NFT', '仮想通貨', '人工知能', 'データセンター', '携帯電話向けソフト', 'スマートフォン', 'サービス業']"
2335,"['システムインテグレーション', 'ソフト・システム開発', 'デジタルトランスフォーメーション', '金融向けシステム', 'フィンテック', '人工知能', 'RPA', 'ブロックチェーン', '電子チケット', 'アウトソーシング', 'アジア関連', 'Society5.0', 'IT関連']"
2337,"['不動産ファンド', '資産運用', '不動産関連', '不動産投資', 'メガソーラー', '太陽光発電関連', '風力発電', '金融', 'エネルギー']"
2338,"['ソフト・システム開発', '人工知能', 'ゲーム関連', 'エヌビディア関連', 'データセンター', 'エッジコンピューティング', '美容', 'エステ']"
2340,"['スーパー銭湯', '温泉入浴', '中国関連', 'サービス業', 'フランチャイズチェーン']"
2341,"['フリーペーパー', '求人情報', '情報システム', 'サブスクリプション', '就職支援', '転職支援', 'アルバイト・パート', '外国人労働者', '人材紹介', '企業研修', 'イベント', '働き方改革', 'ミャンマー関連', '人材', 'サービス業']"
2342,"['医薬品開発支援', '遺伝子検査', '遺伝子解析サービス', '遺伝子破壊マウス', '抗体医薬', 'モノクローナル抗体', 'ペプチド', 'バイオマーカー', '個別化医療', 'インフルエンザ関連', 'コロナウイルス', 'COVID-19', 'がん最先端治療', 'バイオテクノロジー関連', '衛生', '投資事業', 'コンサルティング', 'M&A', '事業承継', 'eコマース', '専門商社', 'サービス業']"
2344,"['葬祭', '介護関連', 'ブライダル', '結婚関連', 'フランチャイズチェーン', '高齢者住宅', '超高齢社会', 'サービス業']"
2345,"['仮想通貨', 'ブロックチェーン', 'ソフト・システム開発', '技術者派遣', '人材紹介', '人材派遣', 'HRテック', 'NFT', 'メタバース', '人工知能', 'IT関連']"
2349,"['ソフト・システム開発', 'システムインテグレーション', '組み込みソフト', 'ERP', '金融向けシステム', '人工知能', 'AI医療診断', '画像認識', 'IoT', 'クラウドコンピューティング', 'Webサイト構築', 'ウェアラブル端末', 'スマートフォン', 'iPhone関連', '格安スマホ', 'ASP', 'Society5.0', 'IT関連']"
2351,"['ホスティング', 'ソフト・システム開発', 'サブスクリプション', '電子決済代行サービス', '決済サービス', '後払い(BNPL)', 'グループウエア', 'オンラインゲーム', 'クラウドゲーム', 'クラウドコンピューティング', 'Webサイト構築', 'eコマース', 'モバイル通信販売', 'フィンテック', 'HRテック', 'テレワーク', 'iPhone関連', '国際会計基準', 'SOHO', 'Society5.0', 'IT関連']"
2353,"['駐車場', 'サブリース', 'カーシェアリング', 'ウインタースポーツ', 'テーマパーク', 'ワーケーション', '貸会議室', 'シェアオフィス', 'シェアリングエコノミー', 'ウィンターストック', 'タイ関連', '親子上場']"
2354,"['ソフト・システム開発', '組み込みソフト', 'ERP', 'FA関連', 'デジタルトランスフォーメーション', 'クラウドコンピューティング', '情報セキュリティ', 'サイバーセキュリティ', '通信機器', 'IoT', 'M2M', '人工知能', '画像認識', 'FPGA', 'メタバース', 'VR', 'MR', 'デジタルツイン', '教育ICT', 'ポストコロナ', 'Society5.0', '親子上場', 'IT関連']"
2359,"['システムインテグレーション', 'ソフト・システム開発', '組み込みソフト', '携帯電話向けソフト', 'IoT', 'M2M', '自動運転車', 'エッジコンピューティング', 'クラウドコンピューティング', 'マイナンバー', '情報セキュリティ', '宇宙開発関連', 'ライドシェア', 'Society5.0', 'IT関連']"
2370,"['がん免疫療法', '細胞医薬品', '再生医療', '抗がん剤', 'ワクチン療法', 'モノクローナル抗体', 'ペプチド', 'iPS細胞', '遺伝子治療', '個別化医療', 'がん最先端治療', 'バイオテクノロジー関連', 'コロナウイルス', 'COVID-19', '医薬品開発支援', 'CDMO', '医療ツーリズム', 'アベノミクス関連', 'サービス業']"
2371,"['価格比較サイト', '旅行サイト', '宿泊予約サイト', '不動産情報サイト', '金融商品比較サイト', '求人情報', '専門サイト', 'サブスクリプション', 'ソーシャルメディア', '旅行', 'O2O', 'フリマアプリ', 'インターネット通信販売', 'モバイル通信販売', 'インターネット広告関連', 'モバイル広告', '外食', '映画', '写真', '保険', '生活防衛', 'Go To トラベル', 'Go To イート', 'リベンジ消費', '国際会計基準', 'ウェブサービス', 'サービス業', '読売333', 'JPX日経400', 'JPXプライム150']"
2373,"['介護関連', '高齢者住宅', 'サービス付き高齢者向け住宅', '障害者支援', '子育て支援', '給食', '介護レンタル', '在宅医療', '超高齢社会', '人生100年時代', 'サービス業']"
2374,"['介護関連', '在宅医療', '介護レンタル', '高齢者住宅', '超高齢社会', 'サービス業']"
2375,"['ビジネス・プロセス・アウトソーシング', '人材派遣', 'マーケティング', '営業・販売支援', 'インターネット通信販売', 'テレビ通信販売', 'カタログ通信販売', '通信工事', '設備工事', 'コールセンター', 'ソフト・システム開発', 'CRM', 'ITコンサルティング', '業務支援', '人工知能', '生成AI', 'シェアリングエコノミー', 'シェアオフィス', '障害者支援', '5G', 'ブロックチェーン', 'ESG投資', 'IT関連', 'サービス業']"
2376,"['専門誌', '出版', 'デジタルサイネージ', 'デジタルトランスフォーメーション', 'ふるさと納税', '専門サイト', 'インターネット広告関連', '広告', 'eコマース', 'インターネット通信販売', 'チャットボット', '人工知能', '生成AI', 'ダイレクトメール', '営業・販売支援', '歯科', '医療器材', '旅行', 'Go To トラベル', 'キャッシュレス決済', 'ブロックチェーン', '投資事業', 'あえてスタンダード', 'サービス業']"
2378,"['フィットネスクラブ', 'スポーツ', 'テニス', '介護関連', 'フランチャイズチェーン', 'PFI', 'ベビー', 'メタボリック対策', 'サマータイム', 'ナイトタイムエコノミー', '人生100年時代', '関税フリー', 'パリオリンピック', 'サービス業']"
2379,"['求人情報', '求人広告', '人材紹介', '転職支援', '専門サイト', 'RPA', '人工知能', '働き方改革', 'アルバイト・パート', 'WBC', 'ウェブサービス', '人材', 'サービス業', 'JPX日経400']"
2384,"['陸運', '物流', '3PL', '宅配便', '国際輸送', '不動産関連', 'ビル賃貸', '人材派遣', '運輸', 'JPX日経400']"
2385,"['医薬品開発支援', 'バイオマーカー', '化粧品', '健康・機能性食品', 'トクホ', '予防医療', 'バイオテクノロジー関連', '越境EC', '中国関連', 'サービス業']"
2388,"['金融', 'リース', 'オートバイ', 'ゲーム関連', 'トレーディングカード', '電子書籍', '出版', 'アジア関連', 'インドネシア関連', 'タイ関連', 'ミャンマー関連', '音楽', '親子上場']"
2389,"['広告代理店', 'マーケティング', 'インターネット広告関連', 'モバイル広告', '動画広告', 'ビッグデータ', 'フィンテック', 'ソフト・システム開発', '人工知能', 'SaaS', 'SEO', 'RTB', 'ネット広告', 'オムニチャネル', 'ツイッター', 'ネット選挙', '電子書籍', 'Society5.0', '中国関連', '広告', 'IT関連', 'サービス業']"
2391,"['ソフト・システム開発', 'EDI', 'データベース', 'ASP', '日用品', '雑貨', 'インバウンド', 'Society5.0', 'IT関連', 'サービス業']"
2393,"['介護関連', '在宅医療', 'サービス業', '介護レンタル', '親子上場', '超高齢社会']"
2395,"['医薬品開発支援', '再生医療', '創薬', '核酸医薬', 'iPS細胞', 'ペプチド', 'バイオテクノロジー関連', 'インフルエンザ関連', '新型コロナワクチン', '医療ツーリズム', '医薬品関連', '水素', '地熱発電', 'カーボンニュートラル', 'CO2回収・貯留', 'ホテル', 'うなぎ', 'アベノミクス関連', '衛生', 'サービス業']"
2404,"['カラオケ', 'モバイルコンテンツ', 'レストラン', 'ラーメンチェーン', '外食', '美容', 'まんが喫茶', 'eスポーツ', 'リベンジ消費', 'テレワーク', '関税フリー', 'サービス業']"
2408,"['専門誌', '専門サイト', 'フリーペーパー', '求人情報', 'アルバイト・パート', 'ブライダル', '不動産情報サイト', '住宅関連', '電子書籍', 'イベント', 'サービス業']"
2410,"['専門サイト', '求人情報', '転職支援', '就職支援', '人材派遣', '技術者派遣', '人材紹介', 'ウェブサービス', 'サービス業', '東証再編']"
2411,"['広告', 'インターネット広告関連', '広告代理店', 'パチンコ・パチスロ', 'フィットネスクラブ', '不動産関連', '専門サイト', 'カジノ関連', 'IR(統合型リゾート)']"
2413,"['医療情報', '専門サイト', '医療支援', '医薬品開発支援', '就職支援', '転職支援', '人材紹介', 'マーケティング', '営業・販売支援', '遺伝子解析サービス', '遠隔医療', 'オンライン診療', '予防医療', 'AI医療診断', '人工知能', '広告代理店', '電子カルテ', '院内感染', '介護関連', 'レンタル', '高齢者住宅', 'サービス付き高齢者向け住宅', '新型コロナワクチン', '5G', 'グローバルニッチ', '国際会計基準', '欧州関連', 'アジア関連', '中国関連', 'Society5.0', '親子上場', 'ウェブサービス', 'IT関連', 'サービス業', '読売333', 'JPX日経400', 'JPXプライム150']"
2415,"['教育', '子育て支援', '学童保育', '英会話', '人材派遣', '人材紹介', '介護関連', '外国人労働者', 'リスキリング', 'eスポーツ', 'バスケットボール', 'スポーツ', 'メンタルヘルス', '人生100年時代', '超高齢社会', 'サマータイム', '中国関連', 'アベノミクス関連', 'サービス業']"
2418,"['ブライダル', 'ハウスウエディング', '海外挙式', '結婚関連', 'ホテル', 'インバウンド', '消費税増税メリット', 'あえてスタンダード', 'サービス業']"
241A,"['転職支援', '人材紹介', 'マッチングサービス', '携帯電話向けソフト', '専門サイト', '求人情報', 'サブスクリプション', 'ソフト・システム開発', 'HRテック', '人工知能', 'データベース', '働き方改革', '2024年のIPO', '人材']"
2424,"['ハウスウエディング', 'ブライダル', 'レストラン', 'あえてスタンダード', 'サービス業', '結婚関連']"
2425,"['介護関連', '在宅医療', '高齢者住宅', '葬祭', '超高齢社会', '中国関連', 'サービス業']"
2428,"['決済サービス', '電子決済代行サービス', '電子チケット', '電子マネー', 'キャッシュレス決済', 'デジタル給与', 'コンビニエンスストア', 'eコマース', '無人店舗', 'MaaS', 'フィンテック', 'ブロックチェーン', 'SMS', 'スマートフォン', 'あえてスタンダード', 'IT関連', 'サービス業']"
2429,"['人材派遣', '製造請負', '技術者派遣', 'マンション販売', '不動産再生', '不動産関連', 'プレハブ', '携帯電話販売関連', '医薬品開発支援', 'ソフト・システム開発', 'コールセンター', 'アルバイト・パート', 'サービス業']"
2432,"['ソーシャルゲーム', 'ソーシャルメディア', 'SNS', 'モバイルコンテンツ', 'スマホゲーム', '任天堂関連', '自動運転車', '遺伝子解析サービス', '遺伝子検査', 'プロ野球', 'バスケットボール', 'スポーツテック', '専門サイト', 'オークション', '電子書籍', 'コミック', '教育', 'eラーニング', 'RPA', '人工知能', 'VR', 'eコマース', 'ライブコマース', 'NFT', 'インターネット広告関連', 'インターネット関連', 'フィンテック', 'シェアリングエコノミー', 'ライドシェア', 'MaaS', '電気自動車関連', 'YouTube', 'LINE関連', 'スマートフォン', 'iPhone関連', 'Android', '警備', '国際会計基準', '中国関連', '韓国関連', 'インド関連', '巣ごもり', 'クールジャパン', 'ワンセグ', '攻めのIT経営銘柄', 'Society5.0', '親子上場', 'ウェブサービス', 'IT関連', 'サービス業']"
2433,"['広告代理店', 'マーケティング', 'ITコンサルティング', '放送', 'テレビ関連', 'インターネット広告関連', 'ネット広告', 'モバイル広告', '動画広告', 'デジタルサイネージ', 'イベント', 'コンテンツ配信', 'アニメ', 'フェイスブック', 'クラウドコンピューティング', 'M&A', '老舗', 'スポーツテック', 'スポーツ', 'サッカーW杯', 'eスポーツ', 'NISA関連', '選挙関連', '大阪万博', '元号関連', 'ウェアラブル端末', 'ビーコン', 'コンテンツ', 'スマートシティ', 'インド関連', 'サマータイム', 'ワンセグ', 'パリオリンピック', '東京オリンピック', '親子上場', '広告', 'サービス業']"
2435,"['介護関連', '高齢者住宅', '在宅医療', '介護レンタル', '超高齢社会', 'サービス業']"
2436,"['マーケティング', '営業・販売支援', 'コンサルティング', 'IR', '広告', '映画', 'SNS', 'Youtuber', 'インフルエンサー', '選挙関連', 'ビッグデータ', 'データ分析・解析', '人工知能', 'メタバース', 'デジタルトランスフォーメーション', 'SaaS', 'サービス業']"
2437,"['美術品', 'オークション', 'NFT', 'ブロックチェーン', 'メタバース', '再生可能エネルギー', '太陽光発電関連', 'メガソーラー', 'バイオマス発電', 'ダイヤモンド', '高額消費', 'サービス業']"
2438,"['写真', 'フォトブック', '空中ディスプレー', '3D映像', '葬祭', 'フィンテック', 'サービス業']"
2440,"['専門サイト', '外食', '営業・販売支援', '業務支援', '開業支援', '携帯電話関連', 'O2O', 'クーポン共同購入', 'インバウンド', '宿泊予約サイト', '旅行サイト', 'インターネット通信販売', 'YouTube', '生活防衛', 'Go To イート', 'Go To トラベル', 'リベンジ消費', 'ウェブサービス', 'サービス業', 'IT関連']"
2445,"['仮設材', 'レンタル', '建設資材', '耐震化', '農業関連', '建設', '国土強靱化', '太陽光発電関連', '韓国関連', 'ベトナム関連', '東証再編', 'サービス業']"
2449,"['選挙関連', '広告代理店', 'コンサルティング', '中国関連', 'サービス業', '広告']"
244A,"['デジタルトランスフォーメーション', 'ITコンサルティング', 'ソフト・システム開発', 'データ分析・解析', '人工知能', 'クラウドコンピューティング', '業務支援', '人材育成', '2024年のIPO', 'IT関連']"
2454,"['ポータルサイト', '営業・販売支援', 'マーケティング', 'eコマース', '専門サイト', '情報配信', 'コンテンツ配信', 'インターネット広告関連', '教育', '電子書籍', '巣ごもり', 'フェイスブック', 'スマートフォン', 'ウェブサービス', 'IT関連', 'サービス業']"
2459,"['SEM', 'SEO', 'マーケティング', 'コンサルティング', 'インターネット広告関連', 'モバイル広告', '検索連動型広告', 'インバウンド', '越境EC', '不動産関連', 'IT関連', 'サービス業']"
245A,"['ラーメンチェーン', '中華料理チェーン', 'レストラン', 'ピザ', 'フランチャイズチェーン', '2024年のIPO', '外食', '小売り']"
2461,"['アフィリエイト広告', 'インターネット広告関連', 'ドロップシッピング', '検索連動型広告', 'ネット選挙', 'モバイル広告', 'RTB', 'サービス業', 'ネット広告', '広告']"
2462,"['子育て支援', '学童保育', '人材派遣', '就職支援', '求人情報', '介護関連', '高齢者住宅', 'サービス付き高齢者向け住宅', '専門サイト', '営業・販売支援', '外国人労働者', '携帯電話販売関連', '待機児童', '働き方改革', '少子化対策', '超高齢社会', '人材', 'サービス業']"
2464,"['eラーニング', '教育ICT', '企業研修', '通信教育', 'リスキリング', '英会話', 'サブスクリプション', '人生100年時代', 'ポストコロナ', 'あえてスタンダード', '教育', 'サービス業']"
2469,"['音楽', 'ショービジネス', 'イベント', '設備工事', 'LEDディスプレー', 'プロジェクションマッピング', 'メタバース', 'デジタルサイネージ', '放送機器', '照明機器', 'レンタル', 'スポーツ', 'Go To イベント', 'M&A', '東京オリンピック', 'サービス業']"
246A,"['コンサルティング', '物流', 'CRM', 'データ分析・解析', 'クラウドコンピューティング', '企業研修', '通信機器', 'OA', '固定電話', '複合機', '通信工事', 'インターネット接続事業者', '2024年のIPO', 'サービス業']"
2471,"['人材派遣', 'コールセンター', 'アウトソーシング', '障害者支援', 'デジタルトランスフォーメーション', 'ビジネス・プロセス・アウトソーシング', 'マイナンバー', 'スマートメーター', '営業・販売支援', '食品ロス', '越境EC', '物流', '脱炭素', '国際会計基準', 'ESG投資', 'サービス業']"
2475,"['人材派遣', '技術者派遣', '医薬品開発支援', '働き方改革', '親子上場', '人材', 'サービス業']"
2477,"['価格比較サイト', '金融商品比較サイト', '専門サイト', 'レジャー・リゾート', '生活防衛', '宿泊予約サイト', 'インターネット広告関連', 'モバイル広告', 'あえてスタンダード', 'ウェブサービス', '民泊']"
2479,"['技術者派遣', '人材派遣', 'ソフト・システム開発', 'クラウドコンピューティング', 'リスキリング', 'インバウンド', 'Society5.0', 'IT関連', 'サービス業']"
247A,"['化粧品', 'スキンケア', '美容家電', '美容', 'D2C', 'eコマース', '人工知能', 'マーケティング', '2024年のIPO', '卸売り', '小売り']"
2480,"['ソフト・システム開発', '業務支援', '営業・販売支援', 'データ分析・解析', 'データベース', 'オークション', 'クラウドコンピューティング', '中古車', 'ASP', 'IT関連']"
2481,"['専門誌', 'フリーペーパー', '広告', '専門サイト', '情報配信', 'イベント', '選挙関連', 'コンテンツ', 'LINE関連', 'サービス業']"
2483,"['翻訳ビジネス', '特許', '人材派遣', '外国語ビジネス', 'インバウンド', '自動翻訳', '人工知能', 'ウェアラブル端末', 'MICE', '大阪万博', '東京オリンピック', 'サービス業']"
2484,"['専門サイト', 'ネットスーパー', '宅配', 'ピザ', '弁当', 'インターネット通信販売', 'LINE関連', '巣ごもり', 'ポストコロナ', '軽減税率', '韓国関連', 'ウェブサービス', 'サッカーW杯']"
2485,"['葬祭', '超高齢社会', 'フランチャイズチェーン', 'あえてスタンダード', 'サービス業']"
2488,"['教育ICT', '企業研修', 'メンテナンス', 'アウトソーシング', 'ソフト・システム開発', '人工知能', '生成AI', 'AIエージェント', 'RPA', 'ロボット', '画像認識', 'メタバース', 'ビッグデータ', 'クラウドコンピューティング', 'テレワーク', 'SMS', 'ソーシャルメディア', 'チャット', '情報セキュリティ', 'マーケティング', '業務支援', '人材育成', '教育', '働き方改革', '人生100年時代', '放射能対策', 'Society5.0', 'IT関連', 'サービス業']"
2489,"['広告代理店', 'インターネット広告関連', 'モバイル広告', 'アフィリエイト広告', '動画広告', '検索連動型広告', 'ポータルサイト', 'ホテル', 'マーケティング', '投資事業', 'インフルエンサー', 'Vチューバー', 'LINE関連', 'ツイッター', 'フェイスブック', 'スマートフォン', 'スマホゲーム', 'ソーシャルゲーム', 'TikTok Shop', 'ライブコマース', '越境EC', 'ネット選挙', 'アリババ関連', '中国関連', '広告', 'サービス業']"
248A,"['携帯電話向けソフト', 'コンテンツ配信', '知育', '子育て支援', 'BtoB', 'マーケティング', '広告', 'ソフト・システム開発', 'モバイルコンテンツ', 'コンテンツ', 'ソーシャルメディア', 'イベント', 'ベトナム関連', '2024年のIPO']"
2491,"['インターネット広告関連', 'アフィリエイト広告', 'eコマース', '営業・販売支援', '検索連動型広告', 'モバイル広告', 'ネット広告', '動画広告', 'SEO', '親子上場', '広告', 'サービス業']"
2492,"['eコマース', 'BtoB', 'デジタルトランスフォーメーション', '電子認証', '業務支援', '営業・販売支援', 'フィンテック', 'クラウドコンピューティング', 'テレワーク', '脱ハンコ', 'インボイス制度', '改正電子帳簿保存法', '建設DX', '2024年問題', 'SaaS', 'ASP', 'ポストコロナ', '食の安全', '食品ロス', 'Society5.0', '中国関連', 'IT関連', 'サービス業']"
2493,"['ソフト・システム開発', '青果', '業務支援', '営業・販売支援', 'クラウドコンピューティング', '決済サービス', 'トレーサビリティー', '次世代農業ビジネス', 'スマート農業', '農業関連', 'ビジネス・プロセス・アウトソーシング', 'ASP', 'Society5.0', 'IT関連', 'サービス業']"
2497,"['投資事業', '教育', '転職支援', '就職支援', '人材紹介', 'マッチングサービス', 'インターネット広告関連', '検索連動型広告', 'モバイル広告', '携帯電話向けソフト', 'スマートフォン', 'マーケティング', '生成AI', 'ステーブルコイン', '広告', '金融', 'サービス業']"
2498,"['建設コンサルタント', 'インフラ', '公共投資関連', '道路', '橋梁', '防災', '鉄道関連', 'スマートシティ', 'PFI', '国土強靱化', 'サービス業']"
2499,"['和装・呉服', 'プライベートブランド', 'インターネット通信販売', 'サービス業']"
2501,"['ビール', 'ミネラルウォーター', '清涼飲料', 'ワイン', '外食', '個人消費関連', 'サマーストック', '円高メリット', '第3のビール', '飲料', '酒類', '超低アルコール飲料', 'バイオエタノール', '不動産関連', '農業関連', 'サマータイム', 'シーズンストック', '年末商戦', '01銘柄', '国際会計基準', '韓国関連', 'ベトナム関連', '花見', '猛暑', '熱中症対策', '攻めのIT経営銘柄', 'パリオリンピック', 'ラグビーワールドカップ', '読売333']"
2502,"['ビール', '清涼飲料', '健康・機能性食品', '酒類', 'ミネラルウォーター', '個人消費関連', '第3のビール', '超低アルコール飲料', 'エナジードリンク', 'トクホ', '飲料', '野菜ジュース', '茶', 'サプリメント', '乳酸菌', 'ベビー', 'ワイン', 'バイオエタノール', '老舗', '円高メリット', 'ディフェンシブ', 'サマータイム', 'サマーストック', 'シーズンストック', '猛暑', '熱中症対策', '年末商戦', 'シニア', 'ESG投資', '国際会計基準', '中国関連', '韓国関連', 'ロシア関連', '花見', '攻めのIT経営銘柄', 'なでしこ銘柄', 'アベノミクス関連', 'パリオリンピック', '東京オリンピック', 'ラグビーワールドカップ', '読売333', 'JPX日経400', 'JPXプライム150']"
2503,"['ビール', '清涼飲料', 'ジュース', 'ワイン', 'ミネラルウォーター', '個人消費関連', '抗体医薬', '再生医療', 'エイズ', 'ディフェンシブ', '円高メリット', '健康・機能性食品', 'サプリメント', 'メタボリック対策', 'トクホ', '乳酸菌', '第3のビール', '野菜ジュース', 'エナジードリンク', '茶', '酒類', '飲料', '超低アルコール飲料', 'サマーストック', 'シーズンストック', 'サマータイム', '熱中症対策', '猛暑', '花粉症対策', 'バイオエタノール', 'スマートセルインダストリー', 'ノロウイルス対策', '年末商戦', '国際会計基準', 'オーストラリア関連', '中国関連', 'ロシア関連', 'エコ・ファースト制度', '土壌汚染', '花見', '衛生', 'YouTube', 'ラグビーワールドカップ', 'サッカーW杯', 'サッカーなでしこジャパン', 'パリオリンピック', '親子上場', '食品', '読売333', 'JPX日経400', 'JPXプライム150']"
250A,"['即席麺', 'うどん', 'そば', '冷凍食品', '内食', '中食', '外食', '和食', '日本食', 'インスタント食品', '食の安全', '2024年のIPO', '食品']"
2531,"['調味料', '酒類', '食品卸', '遺伝子治療', '再生医療', '骨粗しょう症', '健康・機能性食品', '日本酒', '和食', '日本食', '超低アルコール飲料', '花見', 'サマーストック', '欧州関連', '中国関連', 'オーストラリア関連', '親子上場', 'JPX日経400']"
2533,"['酒類', '日本酒', 'ワイン', 'プライベートブランド', '医療・医薬品', '医薬中間体', '健康・機能性食品', 'インフルエンザ関連', '調味料', '超低アルコール飲料', 'バイオエタノール', 'バイオマス発電', '巣ごもり', '年末商戦', '和食', '花見', '衛生']"
253A,"['電力工事', '電力設備投資関連', '送電', '通信工事', '光ファイバー工事', '設備工事', '再生可能エネルギー', '太陽光発電関連', '風力発電', '洋上風力発電', '鉄塔', 'ビルメンテナンス', 'マンション管理', 'ミャンマー関連', '建設']"
2540,"['医療・医薬品', '酒類', '健康・機能性食品', 'サプリメント', 'インターネット通信販売', 'レストラン', 'ハム・ソーセージ', 'スキンケア', 'ビル賃貸', '太陽光発電関連', '老舗', '食品']"
254A,"['ベンチャーキャピタル', '事業者向けノンバンク', '投資事業', 'ファンド', '人工知能', '生成AI', '仮想通貨', 'ブロックチェーン', 'コンサルティング', '事業承継', 'IPO支援', '地方創生', '株式市場', '国際会計基準', '親子上場', '金融']"
255A,"['半導体製造装置', '液晶製造装置', '環境試験装置', '試験・検査・計測', 'カード・リーダー', 'RFID', 'ICカード', 'ICタグ', 'セラミックス', '精密機器']"
256A,"['ゼネコン', '土木', 'トンネル', 'ダム', '公共投資関連', '防災', '耐震化', '土壌汚染', '液状化対策', 'リニア中央新幹線', '橋梁', '下水道', 'PFI', '国土強靱化', 'シールド工法', 'インドネシア関連', '緑化関連', 'アスベスト対策', '復興関連', '東京オリンピック', '建設・土木', '建設']"
2573,"['清涼飲料', 'コーヒー', '茶', 'ジュース', 'ミネラルウォーター', 'エナジードリンク', '自動販売機', 'サマーストック', '親子上場', '食品']"
2579,"['清涼飲料', 'コーヒー', '茶', 'ジュース', 'ミネラルウォーター', 'エナジードリンク', '自動販売機', 'サマーストック', 'シーズンストック', '猛暑', '国際会計基準', 'サッカーW杯']"
2585,"['ミネラルウォーター', '清涼飲料', '茶', '健康・機能性食品', '調味料', 'eコマース', 'OEM', 'プライベートブランド', '2021年のIPO', '飲料', '食品']"
2586,"['飲料', '冷凍食品', '食品卸', 'インターネット通信販売', 'ライブコマース', '越境EC', 'TikTok Shop', 'BtoB', '人工肉', 'ブラジル関連', '食品']"
2587,"['飲料', '清涼飲料', '酒類', 'サマーストック', '個人消費関連', 'ミネラルウォーター', '茶', '健康・機能性食品', 'トクホ', 'サプリメント', 'エナジードリンク', 'コンビニコーヒー', '自動販売機', '食品ロス', '国際会計基準', 'YouTube', '水ビジネス', '熱中症対策', '猛暑', '花見', '青汁', '読売333', 'JPX日経400', 'JPXプライム150']"
2588,"['宅配水ビジネス', '水ビジネス', '富士山関連', 'ミネラルウォーター', '猛暑', '国際会計基準', '親子上場']"
2590,"['清涼飲料', '自動販売機', 'コーヒー', 'ミネラルウォーター', '茶', 'トクホ', '医療・医薬品', 'サマーストック', '猛暑', '鬼滅の刃', 'ロシア関連', 'トルコ関連']"
2593,"['清涼飲料', 'ミネラルウォーター', '茶', '野菜ジュース', 'オーガニック食品', '健康・機能性食品', 'エナジードリンク', '喫茶店', 'コーヒー', 'レストラン', '水ビジネス', 'ジュース', '乳製品', '乳酸菌', '飲料', 'トクホ', 'メタボリック対策', '和食', '日本食', 'ディフェンシブ', 'サマーストック', '熱中症対策', '猛暑', '食品ロス', '農業関連', 'ミャンマー関連', '位置情報ゲーム', '復興関連', '食品']"
2594,"['コーヒー', '喫茶店', 'レストラン', '個人消費関連', '清涼飲料', 'オーガニック食品', 'インターネット通信販売', '外食']"
2597,"['コーヒー', '飲料', 'OEM', '卸売り', '巣ごもり', 'あえてスタンダード']"
2602,"['食用油', '調味料', '健康・機能性食品', 'サプリメント', 'メタボリック対策', '乳酸菌', 'チョコレート', '個人消費関連', 'ファインケミカル', 'ハラル', '中国関連']"
2607,"['チョコレート', '健康・機能性食品', '食用油', '大豆', 'サプリメント', '人工肉', 'バレンタインデー', 'スマートセルインダストリー', '国際会計基準', 'タイ関連', 'ブラジル関連', '食品']"
2612,"['食用油', '内食', '老舗', 'あえてスタンダード']"
2613,"['食用油', '大豆', '飼料', 'バイオ航空燃料', '個人消費関連', 'インド関連', '食品']"
261A,"['建設コンサルタント', '公共投資関連', '水道関連', '下水道', 'インフラ', '国土強靱化', '防災', '水害対策', '浸水・止水対策', '耐震化', '環境問題', '環境関連', 'デジタルトランスフォーメーション', 'アジア関連', 'インド関連', 'アフリカ関連', '2024年のIPO', '建設・土木', 'サービス業']"
262A,"['眼鏡', '専門店', 'SPA', '中国関連', '2024年のIPO', '小売り']"
264A,"['eラーニング', 'リスキリング', '企業研修', '通信教育', '動画配信', '映像制作', '人材育成', 'コンテンツ配信', 'コンテンツ', 'デジタルトランスフォーメーション', 'クラウドコンピューティング', '2024年のIPO', '教育', 'サービス業']"
2652,"['書店', 'アニメ', 'トレーディングカード', 'オークション', '買取再販', '萌え', 'クールジャパン', 'リユース', 'コンテンツ', 'アベノミクス関連']"
2653,"['総合スーパー', '食品スーパー', 'スーパーマーケット', 'ホームセンター', 'ドラッグストア', 'ネットスーパー', '調剤薬局', '食品', 'アパレル', '日用品', '親子上場', '小売り']"
2654,"['給食', '食肉', '外食', '食品卸', '介護関連']"
2656,"['ソフト販売', '専門サイト', 'インターネット広告関連', '電子認証', '脱ハンコ', 'テレワーク', 'スマートフォン', 'Android', 'ウェブサービス']"
2659,"['スーパーマーケット', '地方スーパー', '外食', 'レストラン', '喫茶店', '家電量販店', 'ドラッグストア', 'コンビニエンスストア', 'アパレル', '化粧品', '和食', 'ピザ', 'ベビー', 'サマーストック', 'インバウンド', '国家戦略特区', '沖縄関連']"
265A,[]
2664,[]
2666,[]
2667,[]
2668,[]
2669,[]
2670,[]
2673,[]
2674,[]
2676,[]
2678,[]
2681,[]
2683,[]
2685,[]
2686,[]
2687,[]
2689,[]
268A,[]
2692,[]
2693,[]
2694,[]
2695,[]
2698,[]
269A,[]
2700,[]
2702,[]
2705,[]
2708,[]
2721,[]
2722,[]
2726,[]
2730,[]
2733,[]
2734,[]
2735,[]
2736,[]
2737,[]
2742,[]
2743,[]
2747,[]
2749,[]
274A,[]
2750,[]
2751,[]
2752,[]
2753,[]
2760,[]
2762,[]
2763,[]
2764,[]
2767,[]
2768,[]
2769,[]
276A,[]
2776,[]
2778,[]
277A,[]
2780,[]
2782,[]
2784,[]
2788,[]
2789,[]
278A,[]
2790,[]
2791,[]
2792,[]
2795,[]
2796,[]
2798,[]
2801,[]
2802,[]
2804,[]
2805,[]
2806,[]
2809,[]
280A,[]
2810,[]
2811,[]
2813,[]
2814,[]
2815,[]
2816,[]
2818,[]
2819,[]
281A,[]
2820,[]
2831,[]
285A,[]
286A,[]
2871,[]
2872,[]
2874,[]
2875,[]
2876,[]
2877,[]
287A,[]
2882,[]
2883,[]
2884,[]
288A,[]
2892,[]
2894,[]
2897,[]
2901,[]
2903,[]
2904,[]
2907,[]
2908,[]
290A,[]
2910,[]
2911,[]
2914,[]
2915,[]
2916,[]
2917,[]
2918,[]
291A,[]
2922,[]
2923,[]
2924,[]
2926,[]
2927,[]
2929,[]
2930,[]
2931,[]
2932,[]
2933,[]
2934,[]
2935,[]
2936,[]
2937,[]
2938,[]
2961,[]
2962,[]
296A,[]
2970,[]
2975,[]
2978,[]
297A,[]
2980,[]
2981,[]
2982,[]
2983,[]
2984,[]
2986,[]
298A,[]
2991,[]
2993,[]
2997,[]
2998,[]
2999,[]
299A,[]
3001,[]
3002,[]
3003,[]
3004,[]
300A,[]
3010,[]
3011,[]
3020,[]
3021,[]
3023,[]
3024,[]
3028,[]
302A,[]
3030,[]
3031,[]
3034,[]
3035,[]
3036,[]
3038,[]
303A,[]
3040,[]
3041,[]
3042,[]
3045,[]
3046,[]
3048,[]
304A,[]
3050,[]
3053,[]
3054,[]
3058,[]
3059,[]
3063,[]
3064,[]
3065,[]
3067,[]
3068,[]
3069,[]
3070,[]
3071,[]
3075,[]
3076,[]
3077,[]
3079,[]
3080,[]
3082,[]
3083,[]
3086,[]
3087,[]
3088,[]
3089,[]
3091,[]
3092,[]
3093,[]
3094,[]
3096,[]
3097,[]
3099,[]
3101,[]
3103,[]
3104,[]
3105,[]
3106,[]
3107,[]
3109,[]
3110,[]
3111,[]
3113,[]
3116,[]
3121,[]
3123,[]
3131,[]
3132,[]
3133,[]
3134,[]
3135,[]
3137,[]
3138,[]
3139,[]
3140,[]
3143,[]
3148,[]
3150,[]
3151,[]
3153,[]
3154,[]
3156,[]
3157,[]
3159,[]
3160,[]
3161,[]
3166,[]
3167,[]
3168,[]
3169,[]
3172,[]
3173,[]
3174,[]
3175,[]
3176,[]
3177,[]
3178,[]
3179,[]
3180,[]
3181,[]
3182,[]
3183,[]
3184,[]
3185,[]
3186,[]
3187,[]
3189,[]
3190,[]
3191,[]
3192,[]
3193,[]
3195,[]
3196,[]
3197,[]
3198,[]
3199,[]
319A,[]
3201,[]
3202,[]
3204,[]
3205,[]
3221,[]
3222,[]
3223,[]
3224,[]
3231,[]
3232,[]
3236,[]
3237,[]
3238,[]
323A,[]
3241,[]
3242,[]
3245,[]
3246,[]
3248,[]
324A,[]
3252,[]
325A,[]
3261,[]
3266,[]
3267,[]
3271,[]
3276,[]
3277,[]
3280,[]
3284,[]
3286,[]
3288,[]
3289,[]
3291,[]
3293,[]
3294,[]
3297,[]
3299,[]
3300,[]
3302,[]
3306,[]
330A,[]
3315,[]
3317,[]
331A,[]
3320,[]
3321,[]
3323,[]
3326,[]
3329,[]
332A,[]
3333,[]
3341,[]
3349,[]
334A,[]
3350,[]
3352,[]
3353,[]
3355,[]
3358,[]
3359,[]
335A,[]
3360,[]
3361,[]
336A,[]
3370,[]
3371,[]
3372,[]
3374,[]
3375,[]
3377,[]
3382,[]
3386,[]
3387,[]
3388,[]
338A,[]
3391,[]
3392,[]
3393,[]
3395,[]
3396,[]
3397,[]
3399,[]
339A,[]
3401,[]
3402,[]
3405,[]
3407,[]
3409,[]
340A,[]
3415,[]
3416,[]
3417,[]
3418,[]
341A,[]
3420,[]
3421,[]
3422,[]
3423,[]
3426,[]
3431,[]
3433,[]
3434,[]
3435,[]
3436,[]
3437,[]
3439,[]
343A,[]
3440,[]
3441,[]
3443,[]
3444,[]
3445,[]
3446,[]
3447,[]
3449,[]
3452,[]
3454,[]
3457,[]
3461,[]
3465,[]
3467,[]
3469,[]
3474,[]
3475,[]
3477,[]
3479,[]
3480,[]
3482,[]
3484,[]
3486,[]
3489,[]
3490,[]
3491,[]
3494,[]
3495,[]
3496,[]
3498,[]
3501,[]
350A,[]
3512,[]
3513,[]
3521,[]
3524,[]
3526,[]
3529,[]
352A,[]
3536,[]
3537,[]
3538,[]
3539,[]
3540,[]
3541,[]
3542,[]
3543,[]
3544,[]
3546,[]
3547,[]
3548,[]
3549,[]
3550,[]
3551,[]
3553,[]
3556,[]
3557,[]
3558,[]
3559,[]
3560,[]
3561,[]
3562,[]
3563,[]
3565,[]
3566,[]
3569,[]
3571,[]
3577,[]
3580,[]
3583,[]
3591,[]
3593,[]
3597,[]
3598,[]
3600,[]
3607,[]
3608,[]
3611,[]
3612,[]
3622,[]
3623,[]
3624,[]
3625,[]
3626,[]
3627,[]
3628,[]
3632,[]
3633,[]
3634,[]
3635,[]
3636,[]
3639,[]
3640,[]
3641,[]
3645,[]
3646,[]
3647,[]
3648,[]
3649,[]
3652,[]
3653,[]
3655,[]
3656,[]
3657,[]
3659,[]
365A,[]
3660,[]
3661,[]
3662,[]
3663,[]
3664,[]
3665,[]
3667,[]
3668,[]
366A,[]
3670,[]
3671,[]
3672,[]
3673,[]
3674,[]
3675,[]
3676,[]
3678,[]
3679,[]
367A,[]
3680,[]
3681,[]
3682,[]
3683,[]
3686,[]
3687,[]
3688,[]
368A,[]
3690,[]
3691,[]
3692,[]
3694,[]
3695,[]
3696,[]
3697,[]
3698,[]
369A,[]
3708,[]
3710,[]
3712,[]
3719,[]
3723,[]
3726,[]
3727,[]
372A,[]
3733,[]
373A,[]
3741,[]
3744,[]
3747,[]
3750,[]
3753,[]
3758,[]
3760,[]
3762,[]
3763,[]
3765,[]
3766,[]
3768,[]
3769,[]
3771,[]
3772,[]
3773,[]
3774,[]
3776,[]
3777,[]
3778,[]
3779,[]
3787,[]
3788,[]
378A,[]
3791,[]
3793,[]
3796,[]
3798,[]
3799,[]
3800,[]
3802,[]
3803,[]
3804,[]
3807,[]
3810,[]
3815,[]
3816,[]
3817,[]
3823,[]
3825,[]
3826,[]
3834,[]
3835,[]
3836,[]
3837,[]
3839,[]
3840,[]
3841,[]
3842,[]
3843,[]
3844,[]
3845,[]
3848,[]
3850,[]
3851,[]
3853,[]
3854,[]
3856,[]
3858,[]
3861,[]
3863,[]
3864,[]
3865,[]
386A,[]
3877,[]
3878,[]
387A,[]
3880,[]
3891,[]
3892,[]
3895,[]
3896,[]
3900,[]
3901,[]
3902,[]
3903,[]
3904,[]
3905,[]
3907,[]
3908,[]
3909,[]
3910,[]
3911,[]
3912,[]
3913,[]
3914,[]
3915,[]
3916,[]
3917,[]
3918,[]
3920,[]
3921,[]
3922,[]
3923,[]
3924,[]
3925,[]
3926,[]
3927,[]
3928,[]
3929,[]
3930,[]
3931,[]
3932,[]
3933,[]
3934,[]
3935,[]
3936,[]
3937,[]
3939,[]
3940,[]
3941,[]
3943,[]
3944,[]
3945,[]
3946,[]
3947,[]
3948,[]
3950,[]
3951,[]
3953,[]
3954,[]
3955,[]
3958,[]
3961,[]
3962,[]
3963,[]
3964,[]
3965,[]
3967,[]
3968,[]
3969,[]
3970,[]
3974,[]
3976,[]
3979,[]
3981,[]
3983,[]
3984,[]
3985,[]
3986,[]
3987,[]
3988,[]
3989,[]
3991,[]
3992,[]
3993,[]
3994,[]
3996,[]
3997,[]
3998,[]
4004,[]
4005,[]
4008,[]
4011,[]
4012,[]
4013,[]
4014,[]
4015,[]
4016,[]
4017,[]
4019,[]
4020,[]
4021,[]
4022,[]
4023,[]
4025,[]
4026,[]
4027,[]
4028,[]
402A,[]
4031,[]
4040,[]
4041,[]
4042,[]
4043,[]
4044,[]
4045,[]
4046,[]
4047,[]
4051,[]
4052,[]
4053,[]
4054,[]
4055,[]
4056,[]
4057,[]
4058,[]
4059,[]
4060,[]
4061,[]
4062,[]
4063,[]
4064,[]
4068,[]
4069,[]
4071,[]
4072,[]
4073,[]
4074,[]
4075,[]
4076,[]
4078,[]
407A,[]
4080,[]
4082,[]
4088,[]
4091,[]
4092,[]
4093,[]
4094,[]
4095,[]
4097,[]
4098,[]
4099,[]
409A,[]
4100,[]
4102,[]
4107,[]
4109,[]
410A,[]
4112,[]
4113,[]
4114,[]
4116,[]
4118,[]
4119,[]
4120,[]
4124,[]
4125,[]
414A,[]
4151,[]
415A,[]
4165,[]
4166,[]
4167,[]
4168,[]
4169,[]
416A,[]
4170,[]
4171,[]
4172,[]
4174,[]
4175,[]
4176,[]
4177,[]
4178,[]
4179,[]
417A,[]
4180,[]
4182,[]
4183,[]
4186,[]
4187,[]
4188,[]
4189,[]
4192,[]
4193,[]
4194,[]
4196,[]
4197,[]
4198,[]
4199,[]
4202,[]
4203,[]
4204,[]
4205,[]
4206,[]
4208,[]
4212,[]
4216,[]
4218,[]
421A,[]
4220,[]
4221,[]
4222,[]
4224,[]
4228,[]
4229,[]
4231,[]
4234,[]
4235,[]
4237,[]
4238,[]
423A,[]
4240,[]
4241,[]
4242,[]
4243,[]
4245,[]
4246,[]
4247,[]
4248,[]
4249,[]
4251,[]
4255,[]
4256,[]
4258,[]
4259,[]
4260,[]
4261,[]
4262,[]
4263,[]
4264,[]
4265,[]
4270,[]
4272,[]
4274,[]
4275,[]
4284,[]
4286,[]
4287,[]
4288,[]
428A,[]
4290,[]
4293,[]
4299,[]
429A,[]
4301,[]
4307,[]
4308,[]
4310,[]
4316,[]
4317,[]
4318,[]
4319,[]
431A,[]
4320,[]
4323,[]
4324,[]
4326,[]
4331,[]
4333,[]
4334,[]
4335,[]
4337,[]
4341,[]
4343,[]
4344,[]
4345,[]
4346,[]
4347,[]
4350,[]
4351,[]
4356,[]
4360,[]
4361,[]
4362,[]
4365,[]
4366,[]
4367,[]
4368,[]
4369,[]
436A,[]
4370,[]
4371,[]
4372,[]
4373,[]
4374,[]
4375,[]
4376,[]
4377,[]
4378,[]
4379,[]
4380,[]
4381,[]
4382,[]
4384,[]
4385,[]
4386,[]
4387,[]
4388,[]
4389,[]
438A,[]
4390,[]
4391,[]
4392,[]
4393,[]
4394,[]
4395,[]
4396,[]
4397,[]
4398,[]
4401,[]
4403,[]
4404,[]
4406,[]
4409,[]
4410,[]
4412,[]
4413,[]
4414,[]
4415,[]
4416,[]
4417,[]
4418,[]
4419,[]
441A,[]
4420,[]
4421,[]
4422,[]
4424,[]
4425,[]
4427,[]
4428,[]
4429,[]
442A,[]
4430,[]
4431,[]
4432,[]
4433,[]
4434,[]
4436,[]
4437,[]
4438,[]
4439,[]
4440,[]
4441,[]
4442,[]
4443,[]
4444,[]
4445,[]
4446,[]
4447,[]
4448,[]
4449,[]
4450,[]
4452,[]
4461,[]
4462,[]
4463,[]
4464,[]
4465,[]
446A,[]
4471,[]
4475,[]
4476,[]
4477,[]
4478,[]
4479,[]
4480,[]
4481,[]
4482,[]
4483,[]
4484,[]
4486,[]
4487,[]
4488,[]
4490,[]
4491,[]
4492,[]
4493,[]
4494,[]
4495,[]
4496,[]
4498,[]
4499,[]
4502,[]
4503,[]
4506,[]
4507,[]
4512,[]
4516,[]
4519,[]
4521,[]
4523,[]
4524,[]
4526,[]
4527,[]
4528,[]
4530,[]
4531,[]
4534,[]
4536,[]
4538,[]
4539,[]
4540,[]
4543,[]
4544,[]
4547,[]
4548,[]
4549,[]
4552,[]
4553,[]
4554,[]
4556,[]
4558,[]
4559,[]
4563,[]
4564,[]
4565,[]
4568,[]
4569,[]
456A,[]
4570,[]
4571,[]
4572,[]
4574,[]
4575,[]
4576,[]
4577,[]
4578,[]
4579,[]
4582,[]
4583,[]
4584,[]
4586,[]
4587,[]
4588,[]
4591,[]
4592,[]
4593,[]
4594,[]
4595,[]
4596,[]
4597,[]
4598,[]
4599,[]
4611,[]
4612,[]
4613,[]
4615,[]
4616,[]
4617,[]
4619,[]
4620,[]
4623,[]
4624,[]
4625,[]
4626,[]
4627,[]
4628,[]
4629,[]
4631,[]
4633,[]
4634,[]
4635,[]
4641,[]
4642,[]
4644,[]
4645,[]
4650,[]
4651,[]
4657,[]
4658,[]
4659,[]
4661,[]
4662,[]
4664,[]
4665,[]
4666,[]
4667,[]
4668,[]
4671,[]
4673,[]
4674,[]
4676,[]
4678,[]
4679,[]
4680,[]
4681,[]
4684,[]
4685,[]
4686,[]
4687,[]
4689,[]
4690,[]
4691,[]
4694,[]
4704,[]
4705,[]
4707,[]
4709,[]
4712,[]
4714,[]
4716,[]
4718,[]
4719,[]
4720,[]
4722,[]
4725,[]
4728,[]
4732,[]
4733,[]
4735,[]
4736,[]
4743,[]
4745,[]
4746,[]
4750,[]
4751,[]
4752,[]
4754,[]
4755,[]
4760,[]
4761,[]
4762,[]
4763,[]
4765,[]
4766,[]
4767,[]
4768,[]
4769,[]
4771,[]
4772,[]
4776,[]
4777,[]
4783,[]
4784,[]
4792,[]
4800,[]
4801,[]
4809,[]
4811,[]
4812,[]
4813,[]
4814,[]
4816,[]
4819,[]
4820,[]
4825,[]
4826,[]
4828,[]
4829,[]
4832,[]
4833,[]
4838,[]
4839,[]
4840,[]
4845,[]
4847,[]
4848,[]
4849,[]
4880,[]
4881,[]
4882,[]
4883,[]
4884,[]
4885,[]
4886,[]
4887,[]
4888,[]
4889,[]
4890,[]
4891,[]
4892,[]
4893,[]
4894,[]
4896,[]
4901,[]
4902,[]
4911,[]
4912,[]
4914,[]
4917,[]
4918,[]
4919,[]
4920,[]
4922,[]
4923,[]
4925,[]
4926,[]
4927,[]
4928,[]
4929,[]
4931,[]
4932,[]
4933,[]
4934,[]
4935,[]
4936,[]
4937,[]
4951,[]
4956,[]
4957,[]
4958,[]
4960,[]
4966,[]
4967,[]
4968,[]
4970,[]
4971,[]
4972,[]
4973,[]
4974,[]
4975,[]
4976,[]
4977,[]
4978,[]
4979,[]
4980,[]
4985,[]
4990,[]
4992,[]
4994,[]
4996,[]
4997,[]
4998,[]
5010,[]
5011,[]
5013,[]
5015,[]
5016,[]
5017,[]
5018,[]
5019,[]
5020,[]
5021,[]
5025,[]
5026,[]
5027,[]
5028,[]
5029,[]
5031,[]
5032,[]
5033,[]
5034,[]
5035,[]
5036,[]
5038,[]
5070,[]
5071,[]
5074,[]
5076,[]
5078,[]
5079,[]
5101,[]
5103,[]
5105,[]
5108,[]
5110,[]
5121,[]
5122,[]
5125,[]
5126,[]
5129,[]
5131,[]
5132,[]
5133,[]
5134,[]
5136,[]
5137,[]
5138,[]
5139,[]
5142,[]
5161,[]
5162,[]
5184,[]
5185,[]
5186,[]
5187,[]
5189,[]
5191,[]
5192,[]
5194,[]
5195,[]
5199,[]
5201,[]
5202,[]
5204,[]
5208,[]
5210,[]
5214,[]
5216,[]
5218,[]
5232,[]
5233,[]
5237,[]
5240,[]
5242,[]
5243,[]
5244,[]
5246,[]
5247,[]
5248,[]
5250,[]
5252,[]
5253,[]
5254,[]
5255,[]
5256,[]
5257,[]
5258,[]
5259,[]
5261,[]
5262,[]
5268,[]
5269,[]
5271,[]
5273,[]
5279,[]
5280,[]
5282,[]
5283,[]
5284,[]
5285,[]
5287,[]
5288,[]
5290,[]
5301,[]
5302,[]
5304,[]
5310,[]
5331,[]
5332,[]
5333,[]
5334,[]
5337,[]
5341,[]
5344,[]
5351,[]
5352,[]
5355,[]
5356,[]
5357,[]
5363,[]
5367,[]
5368,[]
5380,[]
5381,[]
5384,[]
5386,[]
5388,[]
5391,[]
5393,[]
5401,[]
5406,[]
5408,[]
5410,[]
5411,[]
5423,[]
5440,[]
5444,[]
5445,[]
5446,[]
5449,[]
5451,[]
5458,[]
5461,[]
5463,[]
5464,[]
5471,[]
5476,[]
5480,[]
5482,[]
5484,[]
5491,[]
5527,[]
5532,[]
5533,[]
5535,[]
5541,[]
5542,[]
5563,[]
5570,[]
5571,[]
5572,[]
5574,[]
5575,[]
5576,[]
5578,[]
5580,[]
5582,[]
5586,[]
5587,[]
5588,[]
5589,[]
5590,[]
5591,[]
5592,[]
5596,[]
5597,[]
5599,[]
5602,[]
5603,[]
5609,[]
5612,[]
5616,[]
5618,[]
5619,[]
5621,[]
5631,[]
5632,[]
5644,[]
5658,[]
5659,[]
5660,[]
5695,[]
5697,[]
5698,[]
5699,[]
5702,[]
5703,[]
5704,[]
5706,[]
5707,[]
5711,[]
5713,[]
5714,[]
5715,[]
5721,[]
5724,[]
5726,[]
5727,[]
5729,[]
5741,[]
5742,[]
5753,[]
5757,[]
5801,[]
5802,[]
5803,[]
5805,[]
5816,[]
5817,[]
5819,[]
5820,[]
5821,[]
5830,[]
5831,[]
5832,[]
5834,[]
5838,[]
5842,[]
5843,[]
5844,[]
5845,[]
5851,[]
5852,[]
5856,[]
5857,[]
5858,[]
5867,[]
5868,[]
5869,[]
5870,[]
5871,[]
5884,[]
5885,[]
5888,[]
5889,[]
5891,[]
5892,[]
5900,[]
5901,[]
5902,[]
5903,[]
5905,[]
5906,[]
5909,[]
5911,[]
5915,[]
5918,[]
5921,[]
5922,[]
5923,[]
5928,[]
5929,[]
5930,[]
5932,[]
5933,[]
5936,[]
5938,[]
5939,[]
5940,[]
5941,[]
5942,[]
5943,[]
5945,[]
5946,[]
5947,[]
5949,[]
5950,[]
5951,[]
5952,[]
5955,[]
5956,[]
5957,[]
5958,[]
5959,[]
5962,[]
5965,[]
5966,[]
5967,[]
5969,[]
5970,[]
5971,[]
5973,[]
5974,[]
5975,[]
5976,[]
5981,[]
5982,[]
5983,[]
5984,[]
5985,[]
5986,[]
5987,[]
5988,[]
5989,[]
5990,[]
5991,[]
5992,[]
5994,[]
5997,[]
5998,[]
6005,[]
6013,[]
6016,[]
6018,[]
6022,[]
6023,[]
6027,[]
6028,[]
6029,[]
6030,[]
6031,[]
6033,[]
6034,[]
6035,[]
6036,[]
6037,[]
6038,[]
6039,[]
6040,[]
6042,[]
6044,[]
6045,[]
6046,[]
6047,[]
6049,[]
6050,[]
6054,[]
6055,[]
6058,[]
6059,[]
6060,[]
6061,[]
6062,[]
6063,[]
6069,[]
6070,[]
6071,[]
6072,[]
6073,[]
6074,[]
6078,[]
6080,[]
6081,[]
6082,[]
6083,[]
6085,[]
6086,[]
6087,[]
6088,[]
6089,[]
6090,[]
6091,[]
6092,[]
6093,[]
6094,[]
6096,[]
6098,[]
6099,[]
6101,[]
6103,[]
6104,[]
6113,[]
6118,[]
6125,[]
6134,[]
6135,[]
6136,[]
6137,[]
6138,[]
6140,[]
6141,[]
6143,[]
6144,[]
6145,[]
6146,[]
6147,[]
6149,[]
6150,[]
6151,[]
6155,[]
6156,[]
6157,[]
6158,[]
6159,[]
6161,[]
6165,[]
6166,[]
6167,[]
6171,[]
6173,[]
6176,[]
6177,[]
6178,[]
6180,[]
6181,[]
6182,[]
6183,[]
6184,[]
6185,[]
6186,[]
6189,[]
6190,[]
6191,[]
6193,[]
6194,[]
6195,[]
6196,[]
6197,[]
6198,[]
6199,[]
6200,[]
6201,[]
6203,[]
6208,[]
6209,[]
6210,[]
6217,[]
6218,[]
6222,[]
6223,[]
6224,[]
6226,[]
6227,[]
6228,[]
6229,[]
6230,[]
6231,[]
6232,[]
6233,[]
6235,[]
6237,[]
6238,[]
6239,[]
6240,[]
6245,[]
6246,[]
6247,[]
6248,[]
6249,[]
6250,[]
6254,[]
6255,[]
6257,[]
6258,[]
6262,[]
6264,[]
6265,[]
6266,[]
6267,[]
6268,[]
6269,[]
6272,[]
6273,[]
6276,[]
6277,[]
6278,[]
6279,[]
6282,[]
6284,[]
6286,[]
6287,[]
6289,[]
6291,[]
6292,[]
6293,[]
6294,[]
6298,[]
6301,[]
6302,[]
6305,[]
6306,[]
6307,[]
6309,[]
6310,[]
6312,[]
6315,[]
6316,[]
6317,[]
6322,[]
6323,[]
6324,[]
6325,[]
6326,[]
6327,[]
6328,[]
6330,[]
6331,[]
6332,[]
6333,[]
6334,[]
6335,[]
6336,[]
6337,[]
6338,[]
6339,[]
6340,[]
6342,[]
6343,[]
6345,[]
6346,[]
6347,[]
6349,[]
6351,[]
6356,[]
6357,[]
6358,[]
6360,[]
6361,[]
6363,[]
6364,[]
6365,[]
6366,[]
6367,[]
6368,[]
6369,[]
6370,[]
6371,[]
6373,[]
6376,[]
6378,[]
6379,[]
6380,[]
6381,[]
6382,[]
6383,[]
6384,[]
6387,[]
6390,[]
6391,[]
6392,[]
6393,[]
6395,[]
6396,[]
6400,[]
6402,[]
6403,[]
6405,[]
6406,[]
6407,[]
6408,[]
6412,[]
6413,[]
6417,[]
6418,[]
6419,[]
6420,[]
6424,[]
6425,[]
6428,[]
6430,[]
6432,[]
6433,[]
6436,[]
6440,[]
6444,[]
6445,[]
6448,[]
6454,[]
6455,[]
6457,[]
6458,[]
6459,[]
6460,[]
6463,[]
6464,[]
6465,[]
6466,[]
6467,[]
6469,[]
6470,[]
6471,[]
6472,[]
6473,[]
6474,[]
6479,[]
6480,[]
6481,[]
6482,[]
6484,[]
6485,[]
6486,[]
6488,[]
6489,[]
6490,[]
6492,[]
6493,[]
6494,[]
6495,[]
6496,[]
6497,[]
6498,[]
6501,[]
6503,[]
6504,[]
6505,[]
6506,[]
6507,[]
6508,[]
6513,[]
6516,[]
6517,[]
6518,[]
6521,[]
6522,[]
6523,[]
6524,[]
6525,[]
6526,[]
6532,[]
6533,[]
6535,[]
6537,[]
6538,[]
6539,[]
6540,[]
6542,[]
6543,[]
6544,[]
6545,[]
6546,[]
6547,[]
6548,[]
6549,[]
6551,[]
6552,[]
6554,[]
6555,[]
6557,[]
6558,[]
6560,[]
6561,[]
6562,[]
6563,[]
6564,[]
6565,[]
6566,[]
6568,[]
6570,[]
6571,[]
6572,[]
6573,[]
6574,[]
6577,[]
6578,[]
6579,[]
6580,[]
6584,[]
6586,[]
6588,[]
6590,[]
6592,[]
6594,[]
6597,[]
6599,[]
6612,[]
6613,[]
6614,[]
6615,[]
6616,[]
6617,[]
6619,[]
6620,[]
6622,[]
6625,[]
6626,[]
6627,[]
6629,[]
6630,[]
6632,[]
6633,[]
6634,[]
6635,[]
6637,[]
6638,[]
6643,[]
6644,[]
6645,[]
6647,[]
6648,[]
6651,[]
6652,[]
6653,[]
6654,[]
6656,[]
6658,[]
6659,[]
6662,[]
6663,[]
6664,[]
6666,[]
6668,[]
6670,[]
6674,[]
6675,[]
6676,[]
6677,[]
6678,[]
6694,[]
6696,[]
6699,[]
6701,[]
6702,[]
6703,[]
6706,[]
6707,[]
6718,[]
6721,[]
6723,[]
6724,[]
6727,[]
6728,[]
6730,[]
6731,[]
6734,[]
6736,[]
6737,[]
6740,[]
6741,[]
6742,[]
6743,[]
6744,[]
6745,[]
6748,[]
6750,[]
6752,[]
6753,[]
6754,[]
6757,[]
6758,[]
6762,[]
6763,[]
6768,[]
6769,[]
6770,[]
6771,[]
6772,[]
6775,[]
6776,[]
6777,[]
6778,[]
6779,[]
6785,[]
6786,[]
6787,[]
6788,[]
6794,[]
6797,[]
6798,[]
6800,[]
6803,[]
6804,[]
6806,[]
6807,[]
6809,[]
6810,[]
6814,[]
6817,[]
6819,[]
6820,[]
6822,[]
6823,[]
6824,[]
6832,[]
6834,[]
6835,[]
6836,[]
6837,[]
6838,[]
6840,[]
6841,[]
6844,[]
6845,[]
6848,[]
6849,[]
6850,[]
6853,[]
6855,[]
6856,[]
6857,[]
6858,[]
6859,[]
6861,[]
6862,[]
6863,[]
6864,[]
6866,[]
6867,[]
6869,[]
6870,[]
6871,[]
6874,[]
6875,[]
6877,[]
6882,[]
6888,[]
6890,[]
6894,[]
6897,[]
6898,[]
6899,[]
6901,[]
6902,[]
6904,[]
6905,[]
6907,[]
6908,[]
6912,[]
6914,[]
6915,[]
6918,[]
6919,[]
6920,[]
6923,[]
6925,[]
6926,[]
6927,[]
6928,[]
6929,[]
6932,[]
6937,[]
6941,[]
6942,[]
6943,[]
6946,[]
6947,[]
6951,[]
6952,[]
6954,[]
6955,[]
6957,[]
6958,[]
6960,[]
6961,[]
6962,[]
6963,[]
6964,[]
6965,[]
6966,[]
6969,[]
6971,[]
6976,[]
6977,[]
6981,[]
6982,[]
6986,[]
6988,[]
6989,[]
6993,[]
6994,[]
6995,[]
6996,[]
6997,[]
6998,[]
6999,[]
7003,[]
7004,[]
7011,[]
7012,[]
7013,[]
7014,[]
7018,[]
7021,[]
7022,[]
7030,[]
7031,[]
7033,[]
7034,[]
7035,[]
7036,[]
7037,[]
7038,[]
7039,[]
7040,[]
7041,[]
7042,[]
7043,[]
7044,[]
7046,[]
7047,[]
7048,[]
7049,[]
7050,[]
7057,[]
7058,[]
7059,[]
7060,[]
7061,[]
7062,[]
7063,[]
7064,[]
7065,[]
7066,[]
7067,[]
7068,[]
7069,[]
7071,[]
7072,[]
7073,[]
7074,[]
7075,[]
7077,[]
7078,[]
7079,[]
7080,[]
7081,[]
7082,[]
7083,[]
7084,[]
7085,[]
7087,[]
7088,[]
7089,[]
7090,[]
7091,[]
7092,[]
7093,[]
7094,[]
7095,[]
7096,[]
7097,[]
7102,[]
7105,[]
7110,[]
7111,[]
7112,[]
7114,[]
7115,[]
7116,[]
7119,[]
7120,[]
7122,[]
7126,[]
7127,[]
7128,[]
7129,[]
7130,[]
7131,[]
7133,[]
7134,[]
7135,[]
7138,[]
7140,[]
7148,[]
7150,[]
7157,[]
7161,[]
7162,[]
7164,[]
7167,[]
7172,[]
7173,[]
7175,[]
7177,[]
7180,[]
7181,[]
7182,[]
7183,[]
7184,[]
7185,[]
7186,[]
7187,[]
7189,[]
7191,[]
7192,[]
7196,[]
7198,[]
7199,[]
7201,[]
7202,[]
7203,[]
7205,[]
7208,[]
7211,[]
7212,[]
7213,[]
7214,[]
7215,[]
7217,[]
7218,[]
7219,[]
7220,[]
7222,[]
7224,[]
7226,[]
7228,[]
7229,[]
7231,[]
7235,[]
7236,[]
7238,[]
7239,[]
7240,[]
7241,[]
7242,[]
7244,[]
7245,[]
7246,[]
7247,[]
7250,[]
7254,[]
7255,[]
7256,[]
7259,[]
7261,[]
7264,[]
7265,[]
7266,[]
7267,[]
7269,[]
7270,[]
7271,[]
7272,[]
7273,[]
7276,[]
7277,[]
7278,[]
7279,[]
7280,[]
7282,[]
7283,[]
7284,[]
7287,[]
7291,[]
7292,[]
7294,[]
7296,[]
7297,[]
7299,[]
7305,[]
7309,[]
7313,[]
7314,[]
7317,[]
7318,[]
7320,[]
7322,[]
7325,[]
7326,[]
7327,[]
7337,[]
7343,[]
7345,[]
7347,[]
7350,[]
7351,[]
7352,[]
7353,[]
7354,[]
7356,[]
7357,[]
7358,[]
7359,[]
7360,[]
7361,[]
7362,[]
7363,[]
7366,[]
7367,[]
7368,[]
7369,[]
7370,[]
7371,[]
7372,[]
7373,[]
7374,[]
7375,[]
7376,[]
7377,[]
7378,[]
7380,[]
7381,[]
7383,[]
7384,[]
7388,[]
7389,[]
7399,[]
7409,[]
7412,[]
7413,[]
7414,[]
7416,[]
7417,[]
7419,[]
7420,[]
7421,[]
7422,[]
7425,[]
7426,[]
7427,[]
7433,[]
7434,[]
7435,[]
7438,[]
7442,[]
7443,[]
7444,[]
7445,[]
7446,[]
7447,[]
7450,[]
7453,[]
7455,[]
7456,[]
7458,[]
7459,[]
7460,[]
7461,[]
7462,[]
7463,[]
7464,[]
7466,[]
7467,[]
7472,[]
7475,[]
7476,[]
7477,[]
7480,[]
7481,[]
7482,[]
7483,[]
7486,[]
7487,[]
7490,[]
7494,[]
7500,[]
7501,[]
7502,[]
7504,[]
7505,[]
7506,[]
7508,[]
7509,[]
7510,[]
7512,[]
7513,[]
7514,[]
7515,[]
7516,[]
7520,[]
7521,[]
7522,[]
7523,[]
7524,[]
7525,[]
7527,[]
7531,[]
7532,[]
7537,[]
7538,[]
7539,[]
7544,[]
7545,[]
7550,[]
7551,[]
7552,[]
7554,[]
7555,[]
7561,[]
7562,[]
7564,[]
7565,[]
7567,[]
7570,[]
7571,[]
7575,[]
7578,[]
7581,[]
7585,[]
7590,[]
7593,[]
7595,[]
7596,[]
7599,[]
7600,[]
7601,[]
7602,[]
7603,[]
7604,[]
7606,[]
7607,[]
7608,[]
7609,[]
7610,[]
7611,[]
7613,[]
7614,[]
7615,[]
7616,[]
7619,[]
7621,[]
7624,[]
7625,[]
7628,[]
7630,[]
7634,[]
7635,[]
7636,[]
7637,[]
7638,[]
7640,[]
7643,[]
7646,[]
7649,[]
7670,[]
7673,[]
7674,[]
7677,[]
7678,[]
7679,[]
7681,[]
7682,[]
7683,[]
7685,[]
7686,[]
7687,[]
7689,[]
7692,[]
7694,[]
7695,[]
7698,[]
7701,[]
7702,[]
7707,[]
7709,[]
7711,[]
7713,[]
7715,[]
7716,[]
7717,[]
7718,[]
7719,[]
7721,[]
7722,[]
7723,[]
7725,[]
7726,[]
7727,[]
7729,[]
7730,[]
7731,[]
7732,[]
7733,[]
7734,[]
7735,[]
7739,[]
7740,[]
7741,[]
7743,[]
7744,[]
7745,[]
7746,[]
7747,[]
7749,[]
7751,[]
7752,[]
7760,[]
7762,[]
7769,[]
7771,[]
7774,[]
7775,[]
7776,[]
7777,[]
7779,[]
7780,[]
7781,[]
7782,[]
7791,[]
7792,[]
7793,[]
7794,[]
7795,[]
7800,[]
7803,[]
7804,[]
7805,[]
7806,[]
7807,[]
7808,[]
7809,[]
7810,[]
7811,[]
7812,[]
7813,[]
7814,[]
7815,[]
7817,[]
7818,[]
7819,[]
7820,[]
7821,[]
7822,[]
7823,[]
7826,[]
7827,[]
7831,[]
7832,[]
7833,[]
7836,[]
7837,[]
7839,[]
7840,[]
7841,[]
7844,[]
7846,[]
7847,[]
7849,[]
7850,[]
7851,[]
7856,[]
7857,[]
7859,[]
7860,[]
7863,[]
7864,[]
7865,[]
7867,[]
7868,[]
7871,[]
7872,[]
7874,[]
7875,[]
7877,[]
7878,[]
7879,[]
7883,[]
7885,[]
7886,[]
7887,[]
7888,[]
7893,[]
7896,[]
7897,[]
7898,[]
7901,[]
7902,[]
7906,[]
7908,[]
7911,[]
7912,[]
7914,[]
7915,[]
7916,[]
7917,[]
7918,[]
7919,[]
7921,[]
7922,[]
7923,[]
7925,[]
7927,[]
7928,[]
7931,[]
7932,[]
7936,[]
7937,[]
7938,[]
7939,[]
7940,[]
7942,[]
7943,[]
7944,[]
7946,[]
7947,[]
7949,[]
7951,[]
7952,[]
7953,[]
7955,[]
7956,[]
7957,[]
7962,[]
7963,[]
7965,[]
7966,[]
7970,[]
7971,[]
7972,[]
7974,[]
7975,[]
7976,[]
7979,[]
7980,[]
7981,[]
7983,[]
7984,[]
7985,[]
7986,[]
7987,[]
7988,[]
7989,[]
7990,[]
7991,[]
7992,[]
7994,[]
7995,[]
7997,[]
7999,[]
8001,[]
8002,[]
8005,[]
8006,[]
8007,[]
8008,[]
8011,[]
8012,[]
8013,[]
8014,[]
8015,[]
8016,[]
8018,[]
8020,[]
8022,[]
8023,[]
8025,[]
8029,[]
8030,[]
8031,[]
8032,[]
8035,[]
8037,[]
8039,[]
8040,[]
8041,[]
8043,[]
8045,[]
8046,[]
8050,[]
8051,[]
8052,[]
8053,[]
8056,[]
8057,[]
8058,[]
8059,[]
8060,[]
8061,[]
8065,[]
8066,[]
8070,[]
8074,[]
8075,[]
8076,[]
8077,[]
8078,[]
8079,[]
8081,[]
8084,[]
8085,[]
8086,[]
8088,[]
8089,[]
8091,[]
8093,[]
8095,[]
8097,[]
8098,[]
8101,[]
8103,[]
8104,[]
8105,[]
8107,[]
8111,[]
8113,[]
8115,[]
8117,[]
8118,[]
8119,[]
8123,[]
8125,[]
8127,[]
8129,[]
8130,[]
8131,[]
8132,[]
8133,[]
8135,[]
8136,[]
8137,[]
8138,[]
8139,[]
8141,[]
8142,[]
8143,[]
8144,[]
8147,[]
8150,[]
8151,[]
8152,[]
8153,[]
8154,[]
8157,[]
8158,[]
8159,[]
8160,[]
8163,[]
8165,[]
8166,[]
8167,[]
8173,[]
8174,[]
8179,[]
8181,[]
8185,[]
8194,[]
8198,[]
8200,[]
8202,[]
8203,[]
8207,[]
8209,[]
8214,[]
8217,[]
8218,[]
8219,[]
8225,[]
8226,[]
8227,[]
8230,[]
8233,[]
8237,[]
8242,[]
8244,[]
8247,[]
8252,[]
8253,[]
8254,[]
8255,[]
8260,[]
8267,[]
8273,[]
8275,[]
8276,[]
8278,[]
8281,[]
8282,[]
8283,[]
8285,[]
8289,[]
8291,[]
8304,[]
8306,[]
8308,[]
8309,[]
8316,[]
8331,[]
8334,[]
8336,[]
8337,[]
8338,[]
8341,[]
8343,[]
8344,[]
8345,[]
8346,[]
8349,[]
8354,[]
8358,[]
8359,[]
8360,[]
8361,[]
8362,[]
8364,[]
8365,[]
8366,[]
8367,[]
8368,[]
8370,[]
8377,[]
8381,[]
8383,[]
8386,[]
8387,[]
8388,[]
8392,[]
8393,[]
8395,[]
8399,[]
8410,[]
8411,[]
8416,[]
8418,[]
8424,[]
8425,[]
8439,[]
8473,[]
8508,[]
8511,[]
8515,[]
8518,[]
8522,[]
8524,[]
8537,[]
8541,[]
8542,[]
8544,[]
8550,[]
8551,[]
8558,[]
8562,[]
8563,[]
8566,[]
8570,[]
8572,[]
8584,[]
8585,[]
8591,[]
8593,[]
8595,[]
8596,[]
8600,[]
8601,[]
8604,[]
8609,[]
8613,[]
8614,[]
8616,[]
8617,[]
8622,[]
8624,[]
8628,[]
8630,[]
8697,[]
8698,[]
8699,[]
8700,[]
8704,[]
8705,[]
8706,[]
8707,[]
8708,[]
8713,[]
8714,[]
8715,[]
8725,[]
8729,[]
8737,[]
8739,[]
8742,[]
8746,[]
8747,[]
8750,[]
8766,[]
8769,[]
8771,[]
8772,[]
8783,[]
8789,[]
8793,[]
8795,[]
8798,[]
8801,[]
8802,[]
8803,[]
8804,[]
8818,[]
8830,[]
8835,[]
8836,[]
8841,[]
8844,[]
8848,[]
8850,[]
8860,[]
8864,[]
8869,[]
8871,[]
8876,[]
8877,[]
8881,[]
8887,[]
8891,[]
8892,[]
8894,[]
8897,[]
8898,[]
8904,[]
8908,[]
8912,[]
8914,[]
8917,[]
8918,[]
8919,[]
8920,[]
8923,[]
8927,[]
8928,[]
8929,[]
8931,[]
8934,[]
8935,[]
8938,[]
8944,[]
8945,[]
8946,[]
8995,[]
8996,[]
8999,[]
9001,[]
9003,[]
9005,[]
9006,[]
9007,[]
9008,[]
9009,[]
9010,[]
9012,[]
9017,[]
9020,[]
9021,[]
9022,[]
9023,[]
9024,[]
9025,[]
9028,[]
9029,[]
9031,[]
9033,[]
9034,[]
9036,[]
9037,[]
9039,[]
9041,[]
9042,[]
9044,[]
9045,[]
9046,[]
9048,[]
9049,[]
9051,[]
9052,[]
9057,[]
9059,[]
9060,[]
9063,[]
9064,[]
9065,[]
9067,[]
9068,[]
9069,[]
9072,[]
9073,[]
9074,[]
9075,[]
9076,[]
9081,[]
9082,[]
9083,[]
9087,[]
9090,[]
9101,[]
9104,[]
9107,[]
9110,[]
9115,[]
9119,[]
9127,[]
9130,[]
9142,[]
9143,[]
9145,[]
9147,[]
9158,[]
9159,[]
9160,[]
9162,[]
9163,[]
9165,[]
9166,[]
9168,[]
9171,[]
9173,[]
9193,[]
9201,[]
9202,[]
9204,[]
9206,[]
9211,[]
9212,[]
9213,[]
9214,[]
9215,[]
9216,[]
9218,[]
9219,[]
9220,[]
9221,[]
9223,[]
9225,[]
9227,[]
9229,[]
9233,[]
9235,[]
9236,[]
9237,[]
9238,[]
9240,[]
9241,[]
9242,[]
9244,[]
9245,[]
9246,[]
9247,[]
9248,[]
9249,[]
9250,[]
9251,[]
9252,[]
9253,[]
9254,[]
9256,[]
9258,[]
9259,[]
9262,[]
9264,[]
9265,[]
9267,[]
9268,[]
9270,[]
9271,[]
9272,[]
9273,[]
9274,[]
9278,[]
9279,[]
9301,[]
9302,[]
9303,[]
9304,[]
9305,[]
9306,[]
9307,[]
9308,[]
9310,[]
9311,[]
9312,[]
9313,[]
9319,[]
9322,[]
9324,[]
9325,[]
9326,[]
9327,[]
9330,[]
9331,[]
9332,[]
9336,[]
9337,[]
9338,[]
9339,[]
9340,[]
9341,[]
9342,[]
9343,[]
9344,[]
9345,[]
9346,[]
9347,[]
9348,[]
9351,[]
9353,[]
9355,[]
9360,[]
9361,[]
9362,[]
9363,[]
9364,[]
9365,[]
9366,[]
9367,[]
9368,[]
9369,[]
9376,[]
9380,[]
9381,[]
9385,[]
9401,[]
9404,[]
9405,[]
9408,[]
9409,[]
9412,[]
9413,[]
9414,[]
9416,[]
9417,[]
9418,[]
9419,[]
9421,[]
9423,[]
9424,[]
9425,[]
9428,[]
9432,[]
9433,[]
9434,[]
9435,[]
9436,[]
9438,[]
9439,[]
9441,[]
9444,[]
9445,[]
9446,[]
9449,[]
9450,[]
9466,[]
9467,[]
9468,[]
9470,[]
9474,[]
9475,[]
9476,[]
9478,[]
9501,[]
9502,[]
9503,[]
9504,[]
9505,[]
9506,[]
9507,[]
9508,[]
9509,[]
9511,[]
9513,[]
9514,[]
9517,[]
9519,[]
9531,[]
9532,[]
9533,[]
9534,[]
9535,[]
9536,[]
9537,[]
9539,[]
9543,[]
9551,[]
9552,[]
9553,[]
9554,[]
9556,[]
9557,[]
9558,[]
9560,[]
9561,[]
9562,[]
9563,[]
9564,[]
9565,[]
9600,[]
9601,[]
9602,[]
9603,[]
9605,[]
9610,[]
9612,[]
9616,[]
9619,[]
9621,[]
9622,[]
9625,[]
9627,[]
9628,[]
9629,[]
9632,[]
9633,[]
9635,[]
9636,[]
9639,[]
9640,[]
9644,[]
9647,[]
9651,[]
9656,[]
9658,[]
9661,[]
9663,[]
9672,[]
9678,[]
9679,[]
9682,[]
9684,[]
9685,[]
9686,[]
9687,[]
9691,[]
9692,[]
9697,[]
9698,[]
9699,[]
9701,[]
9702,[]
9704,[]
9706,[]
9708,[]
9709,[]
9713,[]
9715,[]
9716,[]
9719,[]
9720,[]
9722,[]
9723,[]
9726,[]
9729,[]
9731,[]
9733,[]
9735,[]
9739,[]
9740,[]
9742,[]
9743,[]
9744,[]
9746,[]
9753,[]
9755,[]
9757,[]
9759,[]
9760,[]
9761,[]
9763,[]
9765,[]
9766,[]
9767,[]
9768,[]
9769,[]
9776,[]
9778,[]
9780,[]
9782,[]
9788,[]
9790,[]
9791,[]
9793,[]
9795,[]
9799,[]
9812,[]
9816,[]
9818,[]
9820,[]
9823,[]
9824,[]
9827,[]
9828,[]
9830,[]
9831,[]
9832,[]
9835,[]
9837,[]
9842,[]
9843,[]
9845,[]
9846,[]
9849,[]
9850,[]
9853,[]
9854,[]
9856,[]
9857,[]
9861,[]
9867,[]
9869,[]
9872,[]
9876,[]
9878,[]
9880,[]
9882,[]
9885,[]
9887,[]
9888,[]
9889,[]
9890,[]
9895,[]
9896,[]
9900,[]
9902,[]
9903,[]
9904,[]
9906,[]
9908,[]
9913,[]
9914,[]
9927,[]
9928,[]
9929,[]
9930,[]
9932,[]
9934,[]
9936,[]
9941,[]
9946,[]
9948,[]
9950,[]
9955,[]
9956,[]
9959,[]
9960,[]
9962,[]
9969,[]
9972,[]
9973,[]
9974,[]
9976,[]
9978,[]
9979,[]
9980,[]
9982,[]
9983,[]
9984,[]
9986,[]
9987,[]
9989,[]
9990,[]
9991,[]
9993,[]
9994,[]
9996,[]
9997,[]
